t,x,y,speed
26.9500,-0.0003,0.0000,0.0000
26.9667,-0.0003,-0.0000,0.0000
26.9833,-0.0003,-0.0000,0.0000
27.0000,-0.0003,0.0000,0.0001
27.0167,-0.0003,0.0000,0.0000
27.0333,-0.0003,0.0000,0.0001
27.0500,-0.0003,0.0000,0.0001
27.0667,-0.0003,0.0000,0.0000
27.0833,-0.0003,0.0000,0.0001
27.1000,-0.0003,0.0000,0.0001
27.1167,-0.0003,0.0000,0.0001
27.1333,-0.0003,0.0000,0.0000
27.1500,-0.0003,-0.0000,0.0000
27.1667,-0.0003,-0.0000,0.0000
27.1833,-0.0003,-0.0000,0.0001
27.2000,-0.0003,-0.0000,0.0000
27.2167,-0.0003,-0.0000,0.0000
27.2333,-0.0003,0.0000,0.0000
27.2500,-0.0003,0.0000,0.0000
27.2667,-0.0003,0.0000,0.0001
27.2833,-0.0003,0.0000,0.0000
27.3000,-0.0003,0.0000,0.0000
27.3167,-0.0003,0.0000,0.0001
27.3333,-0.0003,0.0000,0.0001
27.3500,-0.0003,0.0000,0.0000
27.3667,-0.0003,0.0000,0.0000
27.3833,-0.0003,0.0000,0.0000
27.4000,-0.0003,0.0000,0.0000
27.4167,-0.0003,0.0000,0.0000
27.4333,-0.0003,0.0000,0.0000
27.4500,-0.0003,0.0000,0.0000
27.4667,-0.0003,0.0000,0.0001
27.4833,-0.0003,0.0000,0.0001
27.5000,-0.0003,0.0000,0.0000
27.5167,-0.0003,0.0000,0.0000
27.5333,-0.0003,0.0000,0.0000
27.5500,-0.0003,0.0000,0.0001
27.5667,-0.0003,0.0000,0.0000
27.5833,-0.0003,0.0000,0.0000
27.6000,-0.0003,0.0000,0.0000
27.6167,-0.0003,0.0000,0.0000
27.6333,-0.0003,0.0000,0.0000
27.6500,-0.0003,0.0000,0.0001
27.6667,-0.0003,0.0000,0.0000
27.6833,-0.0003,-0.0000,0.0000
27.7000,-0.0003,0.0000,0.0000
27.7167,-0.0003,0.0000,0.0000
27.7333,-0.0003,0.0000,0.0000
27.7500,-0.0003,0.0000,0.0001
27.7667,-0.0003,0.0000,0.0000
27.7833,-0.0003,0.0000,0.0000
27.8000,-0.0003,0.0000,0.0000
27.8167,-0.0003,0.0000,0.0000
27.8333,-0.0003,0.0000,0.0000
27.8500,-0.0003,0.0000,0.0001
27.8667,-0.0003,-0.0000,0.0000
27.8833,-0.0003,-0.0000,0.0000
27.9000,-0.0003,-0.0000,0.0000
27.9167,-0.0003,0.0000,0.0001
27.9333,-0.0003,0.0000,0.0000
27.9500,-0.0003,0.0000,0.0000
27.9667,-0.0003,0.0000,0.0000
27.9833,-0.0003,0.0000,0.0000
28.0000,-0.0003,0.0000,0.0000
28.0167,-0.0003,0.0000,0.0000
28.0333,-0.0003,0.0000,0.0000
28.0500,-0.0003,-0.0000,0.0000
28.0667,-0.0003,0.0000,0.0000
28.0833,-0.0003,0.0000,0.0001
28.1000,-0.0003,0.0000,0.0000
28.1167,-0.0003,0.0000,0.0001
28.1333,-0.0003,0.0000,0.0000
28.1500,-0.0003,0.0000,0.0000
28.1667,-0.0003,0.0000,0.0001
28.1833,-0.0003,0.0000,0.0001
28.2000,-0.0003,0.0000,0.0000
28.2167,-0.0003,0.0000,0.0001
28.2333,-0.0003,0.0000,0.0000
28.2500,-0.0003,0.0000,0.0000
28.2667,-0.0003,0.0000,0.0000
28.2833,-0.0003,0.0000,0.0000
28.3000,-0.0003,0.0000,0.0000
28.3167,-0.0003,0.0000,0.0000
28.3333,-0.0003,0.0000,0.0000
28.3500,-0.0003,0.0000,0.0000
28.3667,-0.0003,0.0000,0.0001
28.3833,-0.0003,0.0000,0.0000
28.4000,-0.0003,0.0000,0.0001
28.4167,-0.0003,0.0000,0.0001
28.4333,-0.0003,0.0000,0.0000
28.4500,-0.0003,0.0000,0.0001
28.4667,-0.0003,0.0000,0.0001
28.4833,-0.0003,0.0000,0.0000
28.5000,-0.0003,0.0000,0.0000
28.5167,-0.0003,0.0000,0.0000
28.5333,-0.0003,0.0000,0.0000
28.5500,-0.0003,0.0000,0.0000
28.5667,-0.0003,0.0000,0.0000
28.5833,-0.0003,0.0000,0.0000
28.6000,-0.0003,0.0000,0.0000
28.6167,-0.0003,0.0000,0.0000
28.6333,-0.0003,0.0000,0.0001
28.6500,-0.0003,0.0000,0.0001
28.6667,-0.0003,0.0000,0.0000
28.6833,-0.0003,0.0000,0.0001
28.7000,-0.0003,0.0000,0.0000
28.7167,-0.0003,0.0000,0.0001
28.7333,-0.0003,0.0000,0.0000
28.7500,-0.0003,0.0000,0.0000
28.7667,-0.0003,0.0000,0.0001
28.7833,-0.0003,0.0000,0.0000
28.8000,-0.0003,0.0000,0.0000
28.8167,-0.0003,0.0000,0.0001
28.8333,-0.0003,0.0000,0.0000
28.8500,-0.0003,0.0000,0.0000
28.8667,-0.0003,0.0000,0.0001
28.8833,-0.0003,0.0000,0.0001
28.9000,-0.0003,-0.0000,0.0000
28.9167,-0.0003,0.0000,0.0000
28.9333,-0.0003,0.0000,0.0000
28.9500,-0.0003,-0.0000,0.0001
28.9667,-0.0003,0.0000,0.0001
28.9833,-0.0003,0.0000,0.0000
29.0000,-0.0003,0.0000,0.0000
29.0167,-0.0003,0.0000,0.0000
29.0333,-0.0003,-0.0000,0.0000
29.0500,-0.0003,-0.0000,0.0001
29.0667,-0.0003,-0.0000,0.0000
29.0833,-0.0003,0.0000,0.0000
29.1000,-0.0003,0.0000,0.0000
29.1167,-0.0003,0.0000,0.0001
29.1333,-0.0003,0.0000,0.0000
29.1500,-0.0003,0.0000,0.0000
29.1667,-0.0003,0.0000,0.0001
29.1833,-0.0003,0.0000,0.0000
29.2000,-0.0003,0.0000,0.0000
29.2167,-0.0003,0.0000,0.0000
29.2333,-0.0003,0.0000,0.0000
29.2500,-0.0003,0.0000,0.0001
29.2667,-0.0003,0.0000,0.0001
29.2833,-0.0003,0.0000,0.0000
29.3000,-0.0003,0.0000,0.0001
29.3167,-0.0003,0.0000,0.0001
29.3333,-0.0003,0.0000,0.0000
29.3500,-0.0003,0.0000,0.0000
29.3667,-0.0003,0.0000,0.0000
29.3833,-0.0003,0.0000,0.0000
29.4000,-0.0003,0.0000,0.0001
29.4167,-0.0003,0.0000,0.0001
29.4333,-0.0003,0.0000,0.0000
29.4500,-0.0003,0.0000,0.0000
29.4667,-0.0003,0.0000,0.0000
29.4833,-0.0003,0.0000,0.0001
29.5000,-0.0003,0.0000,0.0000
29.5167,-0.0003,0.0000,0.0000
29.5333,-0.0003,0.0000,0.0000
29.5500,-0.0003,0.0000,0.0000
29.5667,-0.0003,0.0000,0.0000
29.5833,-0.0003,0.0000,0.0001
29.6000,-0.0003,0.0000,0.0000
29.6167,-0.0003,0.0000,0.0000
29.6333,-0.0003,0.0000,0.0000
29.6500,-0.0003,0.0000,0.0000
29.6667,-0.0003,0.0000,0.0000
29.6833,-0.0003,0.0000,0.0000
29.7000,-0.0003,0.0000,0.0000
29.7167,-0.0003,0.0000,0.0000
29.7333,-0.0003,0.0000,0.0001
29.7500,-0.0003,0.0000,0.0001
29.7667,-0.0003,0.0000,0.0000
29.7833,-0.0003,0.0000,0.0000
29.8000,-0.0003,0.0000,0.0001
29.8167,-0.0003,0.0000,0.0000
29.8333,-0.0003,0.0000,0.0000
29.8500,-0.0003,0.0000,0.0001
29.8667,-0.0003,0.0000,0.0000
29.8833,-0.0003,0.0000,0.0001
29.9000,-0.0003,-0.0000,0.0000
29.9167,-0.0003,0.0000,0.0000
29.9333,-0.0003,-0.0000,0.0001
29.9500,-0.0003,0.0000,0.0000
29.9667,-0.0003,0.0000,0.0000
29.9833,-0.0003,0.0000,0.0000
30.0000,-0.0003,-0.0000,0.0001
30.0167,-0.0003,-0.0000,0.0001
30.0333,-0.0003,0.0000,0.0000
30.0500,-0.0003,0.0000,0.0000
30.0667,-0.0003,0.0000,0.0000
30.0833,-0.0003,0.0000,0.0000
30.1000,-0.0003,0.0000,0.0000
30.1167,-0.0003,0.0000,0.0000
30.1333,-0.0003,0.0000,0.0000
30.1500,-0.0003,0.0000,0.0000
30.1667,-0.0003,0.0000,0.0000
30.1833,-0.0003,0.0000,0.0001
30.2000,-0.0003,0.0000,0.0000
30.2167,-0.0003,0.0000,0.0001
30.2333,-0.0003,-0.0000,0.0001
30.2500,-0.0003,0.0000,0.0000
30.2667,-0.0003,0.0000,0.0000
30.2833,-0.0003,0.0000,0.0000
30.3000,-0.0003,0.0000,0.0000
30.3167,-0.0003,0.0000,0.0001
30.3333,-0.0003,0.0000,0.0001
30.3500,-0.0003,0.0000,0.0001
30.3667,-0.0003,0.0000,0.0001
30.3833,-0.0003,0.0000,0.0001
30.4000,-0.0003,0.0000,0.0000
30.4167,-0.0003,0.0000,0.0000
30.4333,-0.0003,0.0000,0.0000
30.4500,-0.0003,0.0000,0.0000
30.4667,-0.0003,0.0000,0.0001
30.4833,-0.0003,0.0000,0.0001
30.5000,-0.0003,0.0000,0.0000
30.5167,-0.0003,0.0000,0.0000
30.5333,-0.0003,0.0000,0.0000
30.5500,-0.0003,0.0000,0.0001
30.5667,-0.0003,0.0000,0.0001
30.5833,-0.0003,0.0000,0.0000
30.6000,-0.0003,0.0000,0.0000
30.6167,-0.0003,0.0000,0.0000
30.6333,-0.0003,0.0000,0.0000
30.6500,-0.0003,0.0000,0.0000
30.6667,-0.0003,0.0000,0.0001
30.6833,-0.0003,0.0000,0.0001
30.7000,-0.0004,0.0000,0.0000
30.7167,-0.0004,0.0000,0.0001
30.7333,-0.0004,0.0000,0.0001
30.7500,-0.0004,0.0000,0.0000
30.7667,-0.0004,0.0000,0.0000
30.7833,-0.0004,0.0000,0.0000
30.8000,-0.0004,0.0000,0.0000
30.8167,-0.0004,0.0000,0.0001
30.8333,-0.0004,0.0000,0.0000
30.8500,-0.0004,0.0000,0.0001
30.8667,-0.0004,0.0000,0.0000
30.8833,-0.0004,0.0000,0.0000
30.9000,-0.0004,0.0000,0.0000
30.9167,-0.0004,0.0000,0.0000
30.9333,-0.0004,0.0000,0.0001
30.9500,-0.0004,0.0000,0.0001
30.9667,-0.0004,0.0000,0.0001
30.9833,-0.0004,0.0000,0.0000
31.0000,-0.0004,0.0000,0.0000
31.0167,-0.0004,0.0000,0.0001
31.0333,-0.0004,0.0000,0.0000
31.0500,-0.0004,0.0000,0.0000
31.0667,-0.0004,0.0000,0.0000
31.0833,-0.0004,0.0000,0.0000
31.1000,-0.0004,0.0000,0.0001
31.1167,-0.0004,0.0000,0.0000
31.1333,-0.0004,0.0000,0.0000
31.1500,-0.0004,0.0000,0.0000
31.1667,-0.0004,0.0000,0.0001
31.1833,-0.0004,0.0000,0.0001
31.2000,-0.0004,0.0000,0.0001
31.2167,-0.0004,0.0000,0.0001
31.2333,-0.0004,0.0000,0.0001
31.2500,-0.0004,0.0000,0.0000
31.2667,-0.0004,0.0000,0.0001
31.2833,-0.0004,0.0000,0.0000
31.3000,-0.0004,0.0000,0.0000
31.3167,-0.0004,0.0000,0.0000
31.3333,-0.0004,0.0000,0.0000
31.3500,-0.0004,0.0000,0.0000
31.3667,-0.0004,0.0000,0.0000
31.3833,-0.0004,0.0000,0.0001
31.4000,-0.0004,0.0000,0.0000
31.4167,-0.0004,0.0000,0.0000
31.4333,-0.0004,0.0000,0.0000
31.4500,-0.0004,0.0000,0.0000
31.4667,-0.0004,0.0000,0.0001
31.4833,-0.0004,0.0000,0.0000
31.5000,-0.0004,0.0000,0.0000
31.5167,-0.0004,0.0000,0.0000
31.5333,-0.0004,0.0000,0.0000
31.5500,-0.0004,0.0000,0.0000
31.5667,-0.0004,0.0000,0.0000
31.5833,-0.0004,0.0000,0.0000
31.6000,-0.0004,0.0000,0.0000
31.6167,-0.0004,0.0000,0.0000
31.6333,-0.0004,0.0000,0.0000
31.6500,-0.0004,0.0000,0.0000
31.6667,-0.0004,0.0000,0.0000
31.6833,-0.0004,0.0000,0.0000
31.7000,-0.0004,0.0000,0.0001
31.7167,-0.0004,0.0000,0.0001
31.7333,-0.0004,0.0000,0.0000
31.7500,-0.0004,0.0000,0.0001
31.7667,-0.0004,0.0000,0.0001
31.7833,-0.0004,0.0000,0.0001
31.8000,-0.0004,0.0000,0.0000
31.8167,-0.0004,0.0000,0.0001
31.8333,-0.0004,0.0000,0.0001
31.8500,-0.0004,0.0000,0.0001
31.8667,-0.0004,0.0000,0.0001
31.8833,-0.0004,0.0000,0.0000
31.9000,-0.0004,0.0000,0.0001
31.9167,-0.0004,0.0000,0.0000
31.9333,-0.0004,0.0000,0.0000
31.9500,-0.0004,0.0000,0.0001
31.9667,-0.0004,0.0000,0.0000
31.9833,-0.0004,0.0000,0.0000
32.0000,-0.0004,0.0000,0.0000
32.0167,-0.0004,0.0000,0.0000
32.0333,-0.0004,0.0000,0.0000
32.0500,-0.0004,0.0000,0.0000
32.0667,-0.0004,0.0000,0.0001
32.0833,-0.0004,0.0000,0.0000
32.1000,-0.0004,0.0000,0.0000
32.1167,-0.0004,-0.0000,0.0001
32.1333,-0.0004,-0.0000,0.0000
32.1500,-0.0004,0.0000,0.0000
32.1667,-0.0004,0.0000,0.0001
32.1833,-0.0004,0.0000,0.0000
32.2000,-0.0004,0.0000,0.0000
32.2167,-0.0004,0.0000,0.0001
32.2333,-0.0004,0.0000,0.0000
32.2500,-0.0004,0.0000,0.0001
32.2667,-0.0004,0.0000,0.0001
32.2833,-0.0004,0.0000,0.0000
32.3000,-0.0004,0.0000,0.0000
32.3167,-0.0004,0.0000,0.0000
32.3333,-0.0004,0.0000,0.0001
32.3500,-0.0004,0.0000,0.0000
32.3667,-0.0004,0.0000,0.0001
32.3833,-0.0004,0.0000,0.0000
32.4000,-0.0004,0.0000,0.0001
32.4167,-0.0004,0.0000,0.0001
32.4333,-0.0004,0.0000,0.0000
32.4500,-0.0004,0.0000,0.0000
32.4667,-0.0004,0.0000,0.0001
32.4833,-0.0004,0.0000,0.0000
32.5000,-0.0004,0.0000,0.0000
32.5167,-0.0004,0.0000,0.0000
32.5333,-0.0004,0.0000,0.0000
32.5500,-0.0004,0.0000,0.0000
32.5667,-0.0004,0.0000,0.0000
32.5833,-0.0004,0.0000,0.0001
32.6000,-0.0004,0.0000,0.0000
32.6167,-0.0004,0.0000,0.0000
32.6333,-0.0004,0.0000,0.0001
32.6500,-0.0004,0.0000,0.0000
32.6667,-0.0004,0.0000,0.0000
32.6833,-0.0004,0.0000,0.0000
32.7000,-0.0004,0.0000,0.0001
32.7167,-0.0004,0.0000,0.0000
32.7333,-0.0004,0.0000,0.0000
32.7500,-0.0004,0.0000,0.0000
32.7667,-0.0004,0.0000,0.0000
32.7833,-0.0004,0.0000,0.0000
32.8000,-0.0004,0.0000,0.0001
32.8167,-0.0004,0.0000,0.0000
32.8333,-0.0004,0.0000,0.0000
32.8500,-0.0004,0.0000,0.0000
32.8667,-0.0004,0.0000,0.0001
32.8833,-0.0004,0.0000,0.0001
32.9000,-0.0004,0.0000,0.0000
32.9167,-0.0004,0.0000,0.0001
32.9333,-0.0004,0.0000,0.0000
32.9500,-0.0004,0.0000,0.0000
32.9667,-0.0004,0.0000,0.0000
32.9833,-0.0004,0.0000,0.0000
33.0000,-0.0004,0.0000,0.0000
33.0167,-0.0004,-0.0000,0.0000
33.0333,-0.0004,-0.0000,0.0001
33.0500,-0.0004,0.0000,0.0000
33.0667,-0.0004,0.0000,0.0001
33.0833,-0.0004,-0.0000,0.0000
33.1000,-0.0004,0.0000,0.0000
33.1167,-0.0004,0.0000,0.0000
33.1333,-0.0004,-0.0000,0.0000
33.1500,-0.0004,0.0000,0.0000
33.1667,-0.0004,0.0000,0.0001
33.1833,-0.0004,0.0000,0.0001
33.2000,-0.0004,0.0000,0.0001
33.2167,-0.0004,0.0000,0.0000
33.2333,-0.0004,0.0000,0.0000
33.2500,-0.0004,0.0000,0.0000
33.2667,-0.0004,0.0000,0.0000
33.2833,-0.0004,0.0000,0.0001
33.3000,-0.0004,0.0000,0.0001
33.3167,-0.0004,0.0000,0.0000
33.3333,-0.0004,0.0000,0.0000
33.3500,-0.0004,0.0000,0.0000
33.3667,-0.0004,0.0000,0.0000
33.3833,-0.0004,0.0000,0.0000
33.4000,-0.0004,0.0000,0.0000
33.4167,-0.0004,0.0000,0.0000
33.4333,-0.0004,0.0000,0.0000
33.4500,-0.0004,0.0000,0.0001
33.4667,-0.0004,0.0000,0.0001
33.4833,-0.0004,0.0000,0.0000
33.5000,-0.0004,0.0000,0.0001
33.5167,-0.0004,0.0000,0.0000
33.5333,-0.0004,0.0000,0.0000
33.5500,-0.0004,0.0000,0.0000
33.5667,-0.0004,0.0000,0.0000
33.5833,-0.0004,0.0000,0.0001
33.6000,-0.0004,0.0000,0.0001
33.6167,-0.0004,0.0000,0.0000
33.6333,-0.0004,0.0000,0.0000
33.6500,-0.0004,0.0000,0.0000
33.6667,-0.0004,0.0000,0.0000
33.6833,-0.0004,0.0000,0.0001
33.7000,-0.0004,0.0000,0.0000
33.7167,-0.0004,0.0000,0.0000
33.7333,-0.0004,0.0000,0.0000
33.7500,-0.0004,0.0000,0.0001
33.7667,-0.0004,0.0000,0.0000
33.7833,-0.0004,0.0000,0.0000
33.8000,-0.0004,0.0000,0.0001
33.8167,-0.0004,0.0000,0.0001
33.8333,-0.0004,0.0000,0.0000
33.8500,-0.0004,0.0000,0.0000
33.8667,-0.0004,0.0000,0.0000
33.8833,-0.0004,0.0000,0.0000
33.9000,-0.0004,0.0000,0.0001
33.9167,-0.0004,-0.0000,0.0000
33.9333,-0.0004,0.0000,0.0000
33.9500,-0.0004,0.0000,0.0000
33.9667,-0.0004,0.0000,0.0000
33.9833,-0.0004,0.0000,0.0000
34.0000,-0.0004,0.0000,0.0000
34.0167,-0.0004,0.0000,0.0001
34.0333,-0.0004,0.0000,0.0000
34.0500,-0.0004,0.0000,0.0000
34.0667,-0.0004,0.0000,0.0001
34.0833,-0.0004,0.0000,0.0001
34.1000,-0.0004,0.0000,0.0001
34.1167,-0.0004,0.0000,0.0000
34.1333,-0.0004,0.0000,0.0001
34.1500,-0.0004,0.0000,0.0001
34.1667,-0.0004,0.0000,0.0000
34.1833,-0.0004,0.0000,0.0000
34.2000,-0.0004,0.0000,0.0000
34.2167,-0.0004,0.0000,0.0000
34.2333,-0.0004,0.0000,0.0001
34.2500,-0.0004,0.0000,0.0001
34.2667,-0.0004,0.0000,0.0001
34.2833,-0.0004,0.0000,0.0000
34.3000,-0.0004,0.0000,0.0001
34.3167,-0.0004,0.0000,0.0000
34.3333,-0.0004,0.0000,0.0001
34.3500,-0.0004,0.0000,0.0001
34.3667,-0.0004,0.0000,0.0001
34.3833,-0.0004,0.0000,0.0000
34.4000,-0.0004,0.0000,0.0000
34.4167,-0.0004,0.0000,0.0000
34.4333,-0.0004,0.0000,0.0000
34.4500,-0.0004,0.0000,0.0000
34.4667,-0.0004,0.0000,0.0000
34.4833,-0.0004,0.0000,0.0000
34.5000,-0.0004,0.0000,0.0001
34.5167,-0.0004,0.0000,0.0000
34.5333,-0.0004,0.0000,0.0000
34.5500,-0.0004,0.0000,0.0000
34.5667,-0.0004,0.0000,0.0000
34.5833,-0.0004,0.0000,0.0000
34.6000,-0.0004,0.0000,0.0001
34.6167,-0.0004,0.0000,0.0001
34.6333,-0.0004,0.0000,0.0000
34.6500,-0.0004,0.0000,0.0000
34.6667,-0.0004,0.0000,0.0000
34.6833,-0.0004,0.0000,0.0000
34.7000,-0.0004,0.0000,0.0001
34.7167,-0.0004,0.0000,0.0000
34.7333,-0.0004,0.0000,0.0001
34.7500,-0.0004,0.0000,0.0000
34.7667,-0.0004,0.0000,0.0001
34.7833,-0.0004,0.0000,0.0000
34.8000,-0.0004,0.0000,0.0000
34.8167,-0.0004,0.0000,0.0001
34.8333,-0.0004,0.0000,0.0000
34.8500,-0.0004,0.0000,0.0000
34.8667,-0.0004,0.0000,0.0000
34.8833,-0.0004,0.0000,0.0000
34.9000,-0.0004,0.0000,0.0000
34.9167,-0.0004,0.0000,0.0000
34.9333,-0.0004,0.0000,0.0000
34.9500,-0.0004,0.0000,0.0000
34.9667,-0.0004,0.0000,0.0000
34.9833,-0.0004,0.0000,0.0000
35.0000,-0.0004,0.0000,0.0000
35.0167,-0.0004,0.0000,0.0000
35.0333,-0.0004,0.0000,0.0000
35.0500,-0.0004,0.0000,0.0000
35.0667,-0.0004,0.0000,0.0001
35.0833,-0.0004,0.0000,0.0000
35.1000,-0.0004,0.0000,0.0001
35.1167,-0.0004,0.0000,0.0001
35.1333,-0.0004,0.0000,0.0000
35.1500,-0.0004,0.0000,0.0001
35.1667,-0.0004,0.0000,0.0000
35.1833,-0.0004,0.0000,0.0000
35.2000,-0.0004,0.0000,0.0000
35.2167,-0.0004,0.0000,0.0000
35.2333,-0.0004,0.0000,0.0000
35.2500,-0.0004,0.0000,0.0001
35.2667,-0.0004,0.0000,0.0000
35.2833,-0.0004,0.0000,0.0000
35.3000,-0.0004,0.0000,0.0001
35.3167,-0.0004,0.0000,0.0001
35.3333,-0.0004,0.0000,0.0000
35.3500,-0.0004,0.0000,0.0000
35.3667,-0.0004,0.0000,0.0000
35.3833,-0.0004,0.0000,0.0001
35.4000,-0.0004,0.0000,0.0001
35.4167,-0.0004,0.0000,0.0000
35.4333,-0.0004,0.0000,0.0000
35.4500,-0.0004,0.0000,0.0000
35.4667,-0.0004,0.0000,0.0001
35.4833,-0.0004,0.0000,0.0000
35.5000,-0.0004,0.0000,0.0000
35.5167,-0.0004,0.0000,0.0000
35.5333,-0.0004,0.0000,0.0001
35.5500,-0.0004,0.0000,0.0000
35.5667,-0.0004,0.0000,0.0000
35.5833,-0.0004,0.0000,0.0001
35.6000,-0.0004,0.0000,0.0000
35.6167,-0.0004,0.0000,0.0001
35.6333,-0.0004,0.0000,0.0001
35.6500,-0.0004,0.0000,0.0000
35.6667,-0.0004,0.0000,0.0000
35.6833,-0.0004,0.0000,0.0000
35.7000,-0.0004,0.0000,0.0000
35.7167,-0.0004,0.0000,0.0001
35.7333,-0.0004,0.0000,0.0000
35.7500,-0.0004,0.0000,0.0001
35.7667,-0.0004,0.0000,0.0000
35.7833,-0.0004,0.0000,0.0001
35.8000,-0.0004,0.0000,0.0001
35.8167,-0.0004,0.0000,0.0000
35.8333,-0.0004,0.0000,0.0000
35.8500,-0.0004,0.0000,0.0000
35.8667,-0.0004,0.0000,0.0000
35.8833,-0.0004,0.0000,0.0000
35.9000,-0.0004,0.0000,0.0001
35.9167,-0.0004,0.0000,0.0000
35.9333,-0.0004,0.0000,0.0000
35.9500,-0.0004,0.0000,0.0000
35.9667,-0.0004,0.0000,0.0000
35.9833,-0.0004,0.0000,0.0000
36.0000,-0.0004,0.0000,0.0000
36.0167,-0.0004,0.0000,0.0000
36.0333,-0.0004,0.0000,0.0000
36.0500,-0.0004,0.0000,0.0001
36.0667,-0.0004,0.0000,0.0001
36.0833,-0.0004,0.0000,0.0001
36.1000,-0.0004,0.0000,0.0001
36.1167,-0.0004,0.0000,0.0001
36.1333,-0.0004,0.0000,0.0001
36.1500,-0.0004,0.0000,0.0000
36.1667,-0.0004,0.0000,0.0000
36.1833,-0.0004,0.0000,0.0001
36.2000,-0.0004,0.0000,0.0001
36.2167,-0.0004,0.0000,0.0001
36.2333,-0.0004,0.0000,0.0000
36.2500,-0.0004,0.0000,0.0000
36.2667,-0.0004,0.0000,0.0001
36.2833,-0.0004,0.0000,0.0000
36.3000,-0.0004,0.0000,0.0000
36.3167,-0.0004,0.0000,0.0000
36.3333,-0.0004,0.0000,0.0000
36.3500,-0.0004,0.0000,0.0000
36.3667,-0.0004,0.0000,0.0000
36.3833,-0.0004,0.0000,0.0000
36.4000,-0.0004,0.0000,0.0001
36.4167,-0.0004,0.0000,0.0001
36.4333,-0.0004,-0.0000,0.0000
36.4500,-0.0004,-0.0000,0.0000
36.4667,-0.0004,0.0000,0.0000
36.4833,-0.0004,0.0000,0.0000
36.5000,-0.0004,0.0000,0.0000
36.5167,-0.0004,0.0000,0.0001
36.5333,-0.0004,0.0000,0.0001
36.5500,-0.0004,0.0000,0.0000
36.5667,-0.0004,0.0000,0.0000
36.5833,-0.0004,0.0000,0.0001
36.6000,-0.0004,0.0000,0.0000
36.6167,-0.0004,0.0000,0.0001
36.6333,-0.0004,0.0000,0.0000
36.6500,-0.0004,0.0000,0.0000
36.6667,-0.0004,0.0000,0.0000
36.6833,-0.0004,0.0000,0.0000
36.7000,-0.0004,0.0000,0.0000
36.7167,-0.0004,0.0000,0.0001
36.7333,-0.0004,0.0000,0.0000
36.7500,-0.0004,0.0000,0.0000
36.7667,-0.0004,0.0000,0.0001
36.7833,-0.0004,0.0000,0.0000
36.8000,-0.0004,0.0000,0.0000
36.8167,-0.0004,0.0000,0.0000
36.8333,-0.0004,0.0000,0.0000
36.8500,-0.0004,0.0000,0.0001
36.8667,-0.0004,0.0000,0.0000
36.8833,-0.0004,0.0000,0.0000
36.9000,-0.0004,0.0000,0.0000
36.9167,-0.0004,0.0000,0.0001
36.9333,-0.0004,0.0000,0.0000
36.9500,-0.0004,0.0000,0.0000
36.9667,-0.0004,0.0000,0.0001
36.9833,-0.0004,0.0000,0.0001
37.0000,-0.0004,0.0000,0.0001
37.0167,-0.0004,0.0000,0.0001
37.0333,-0.0004,0.0000,0.0000
37.0500,-0.0004,0.0000,0.0000
37.0667,-0.0004,0.0000,0.0001
37.0833,-0.0004,0.0000,0.0000
37.1000,-0.0004,0.0000,0.0001
37.1167,-0.0004,0.0000,0.0001
37.1333,-0.0004,0.0000,0.0000
37.1500,-0.0004,0.0000,0.0000
37.1667,-0.0004,0.0000,0.0000
37.1833,-0.0004,0.0000,0.0001
37.2000,-0.0004,0.0000,0.0001
37.2167,-0.0004,0.0000,0.0001
37.2333,-0.0004,0.0000,0.0000
37.2500,-0.0004,0.0000,0.0000
37.2667,-0.0004,0.0000,0.0001
37.2833,-0.0004,0.0000,0.0000
37.3000,-0.0004,0.0000,0.0000
37.3167,-0.0004,0.0000,0.0000
37.3333,-0.0004,0.0000,0.0000
37.3500,-0.0004,0.0000,0.0000
37.3667,-0.0004,0.0000,0.0001
37.3833,-0.0004,0.0000,0.0000
37.4000,-0.0004,0.0000,0.0001
37.4167,-0.0004,0.0000,0.0000
37.4333,-0.0004,0.0000,0.0000
37.4500,-0.0004,0.0000,0.0000
37.4667,-0.0004,0.0000,0.0000
37.4833,-0.0004,0.0000,0.0000
37.5000,-0.0004,0.0000,0.0001
37.5167,-0.0004,0.0000,0.0000
37.5333,-0.0004,0.0000,0.0000
37.5500,-0.0004,0.0000,0.0001
37.5667,-0.0004,0.0000,0.0000
37.5833,-0.0004,0.0000,0.0000
37.6000,-0.0004,0.0000,0.0001
37.6167,-0.0004,0.0000,0.0001
37.6333,-0.0004,0.0000,0.0000
37.6500,-0.0004,0.0000,0.0000
37.6667,-0.0004,0.0000,0.0000
37.6833,-0.0004,0.0000,0.0000
37.7000,-0.0004,0.0000,0.0000
37.7167,-0.0004,0.0000,0.0000
37.7333,-0.0004,0.0000,0.0000
37.7500,-0.0004,0.0000,0.0000
37.7667,-0.0004,0.0000,0.0001
37.7833,-0.0004,0.0000,0.0001
37.8000,-0.0004,0.0000,0.0001
37.8167,-0.0004,0.0000,0.0000
37.8333,-0.0004,0.0000,0.0001
37.8500,-0.0004,0.0000,0.0000
37.8667,-0.0004,0.0000,0.0001
37.8833,-0.0004,0.0000,0.0000
37.9000,-0.0004,0.0000,0.0001
37.9167,-0.0004,0.0000,0.0001
37.9333,-0.0004,0.0000,0.0000
37.9500,-0.0004,0.0000,0.0000
37.9667,-0.0004,0.0000,0.0000
37.9833,-0.0004,0.0000,0.0000
38.0000,-0.0004,-0.0000,0.0000
38.0167,-0.0004,0.0000,0.0001
38.0333,-0.0004,0.0000,0.0000
38.0500,-0.0004,0.0000,0.0001
38.0667,-0.0004,0.0000,0.0001
38.0833,-0.0004,0.0000,0.0000
38.1000,-0.0004,0.0000,0.0000
38.1167,-0.0004,0.0000,0.0000
38.1333,-0.0004,0.0000,0.0000
38.1500,-0.0004,0.0000,0.0001
38.1667,-0.0004,0.0000,0.0001
38.1833,-0.0004,0.0000,0.0000
38.2000,-0.0004,0.0000,0.0000
38.2167,-0.0004,0.0000,0.0000
38.2333,-0.0004,0.0000,0.0000
38.2500,-0.0004,0.0000,0.0000
38.2667,-0.0004,0.0000,0.0000
38.2833,-0.0004,0.0000,0.0000
38.3000,-0.0004,0.0000,0.0000
38.3167,-0.0004,0.0000,0.0000
38.3333,-0.0004,0.0000,0.0000
38.3500,-0.0004,0.0000,0.0000
38.3667,-0.0004,0.0000,0.0000
38.3833,-0.0004,0.0000,0.0001
38.4000,-0.0004,0.0000,0.0001
38.4167,-0.0004,0.0000,0.0001
38.4333,-0.0004,0.0000,0.0001
38.4500,-0.0004,0.0000,0.0001
38.4667,-0.0004,0.0000,0.0001
38.4833,-0.0004,0.0000,0.0000
38.5000,-0.0004,0.0000,0.0001
38.5167,-0.0004,-0.0000,0.0001
38.5333,-0.0004,0.0000,0.0000
38.5500,-0.0004,0.0000,0.0000
38.5667,-0.0004,0.0000,0.0001
38.5833,-0.0004,0.0000,0.0000
38.6000,-0.0004,0.0000,0.0001
38.6167,-0.0004,0.0000,0.0000
38.6333,-0.0004,0.0000,0.0000
38.6500,-0.0004,0.0000,0.0000
38.6667,-0.0004,0.0000,0.0000
38.6833,-0.0004,0.0000,0.0000
38.7000,-0.0004,0.0000,0.0000
38.7167,-0.0004,0.0000,0.0000
38.7333,-0.0005,0.0000,0.0000
38.7500,-0.0005,0.0000,0.0000
38.7667,-0.0005,-0.0000,0.0000
38.7833,-0.0005,0.0000,0.0001
38.8000,-0.0005,0.0000,0.0000
38.8167,-0.0005,0.0000,0.0000
38.8333,-0.0005,0.0000,0.0000
38.8500,-0.0005,0.0000,0.0000
38.8667,-0.0005,0.0000,0.0000
38.8833,-0.0005,0.0000,0.0000
38.9000,-0.0005,0.0000,0.0000
38.9167,-0.0005,0.0000,0.0000
38.9333,-0.0005,0.0000,0.0000
38.9500,-0.0005,0.0000,0.0000
38.9667,-0.0005,0.0000,0.0001
38.9833,-0.0005,0.0000,0.0000
39.0000,-0.0005,0.0000,0.0000
39.0167,-0.0005,-0.0000,0.0000
39.0333,-0.0005,0.0000,0.0000
39.0500,-0.0005,0.0000,0.0000
39.0667,-0.0005,0.0000,0.0001
39.0833,-0.0005,0.0000,0.0000
39.1000,-0.0005,0.0000,0.0000
39.1167,-0.0005,0.0000,0.0000
39.1333,-0.0005,0.0000,0.0001
39.1500,-0.0005,0.0000,0.0000
39.1667,-0.0005,0.0000,0.0000
39.1833,-0.0005,0.0000,0.0000
39.2000,-0.0005,0.0000,0.0001
39.2167,-0.0005,0.0000,0.0000
39.2333,-0.0005,0.0000,0.0000
39.2500,-0.0005,0.0000,0.0001
39.2667,-0.0005,-0.0000,0.0000
39.2833,-0.0005,0.0000,0.0000
39.3000,-0.0005,0.0000,0.0000
39.3167,-0.0005,0.0000,0.0000
39.3333,-0.0005,0.0000,0.0000
39.3500,-0.0005,0.0000,0.0000
39.3667,-0.0005,0.0000,0.0001
39.3833,-0.0005,0.0000,0.0001
39.4000,-0.0005,0.0000,0.0000
39.4167,-0.0005,0.0000,0.0001
39.4333,-0.0005,0.0000,0.0000
39.4500,-0.0005,0.0000,0.0000
39.4667,-0.0005,0.0000,0.0000
39.4833,-0.0005,0.0000,0.0000
39.5000,-0.0005,0.0000,0.0000
39.5167,-0.0005,-0.0000,0.0000
39.5333,-0.0005,0.0000,0.0000
39.5500,-0.0005,0.0000,0.0000
39.5667,-0.0005,0.0000,0.0000
39.5833,-0.0005,0.0000,0.0000
39.6000,-0.0005,0.0000,0.0000
39.6167,-0.0005,0.0000,0.0001
39.6333,-0.0005,0.0000,0.0000
39.6500,-0.0005,0.0000,0.0001
39.6667,-0.0005,0.0000,0.0000
39.6833,-0.0005,0.0000,0.0000
39.7000,-0.0005,0.0000,0.0001
39.7167,-0.0005,0.0000,0.0000
39.7333,-0.0005,0.0000,0.0000
39.7500,-0.0005,0.0000,0.0000
39.7667,-0.0005,-0.0000,0.0000
39.7833,-0.0005,0.0000,0.0000
39.8000,-0.0005,0.0000,0.0000
39.8167,-0.0005,0.0000,0.0000
39.8333,-0.0005,0.0000,0.0000
39.8500,-0.0005,0.0000,0.0000
39.8667,-0.0005,0.0000,0.0000
39.8833,-0.0005,0.0000,0.0001
39.9000,-0.0005,0.0000,0.0000
39.9167,-0.0005,0.0000,0.0001
39.9333,-0.0005,0.0000,0.0000
39.9500,-0.0005,0.0000,0.0000
39.9667,-0.0005,0.0000,0.0000
39.9833,-0.0005,0.0000,0.0000
40.0000,-0.0005,0.0000,0.0001
40.0167,-0.0005,-0.0000,0.0000
40.0333,-0.0005,0.0000,0.0000
40.0500,-0.0005,0.0000,0.0000
40.0667,-0.0005,0.0000,0.0000
40.0833,-0.0005,0.0000,0.0000
40.1000,-0.0005,0.0000,0.0000
40.1167,-0.0005,0.0000,0.0000
40.1333,-0.0005,0.0000,0.0001
40.1500,-0.0005,0.0000,0.0000
40.1667,-0.0005,0.0000,0.0000
40.1833,-0.0005,0.0000,0.0000
40.2000,-0.0005,0.0000,0.0001
40.2167,-0.0005,0.0000,0.0000
40.2333,-0.0005,0.0000,0.0001
40.2500,-0.0005,0.0000,0.0000
40.2667,-0.0005,-0.0000,0.0000
40.2833,-0.0005,0.0000,0.0000
40.3000,-0.0005,0.0000,0.0000
40.3167,-0.0005,0.0000,0.0000
40.3333,-0.0005,0.0000,0.0001
40.3500,-0.0005,0.0000,0.0001
40.3667,-0.0005,0.0000,0.0001
40.3833,-0.0005,0.0000,0.0000
40.4000,-0.0005,0.0000,0.0000
40.4167,-0.0005,0.0000,0.0000
40.4333,-0.0005,0.0000,0.0001
40.4500,-0.0005,0.0000,0.0000
40.4667,-0.0005,0.0000,0.0001
40.4833,-0.0005,0.0000,0.0001
40.5000,-0.0005,-0.0000,0.0000
40.5167,-0.0005,0.0000,0.0001
40.5333,-0.0005,0.0000,0.0000
40.5500,-0.0005,0.0000,0.0001
40.5667,-0.0005,0.0000,0.0000
40.5833,-0.0005,0.0000,0.0000
40.6000,-0.0005,0.0000,0.0000
40.6167,-0.0005,0.0000,0.0001
40.6333,-0.0005,0.0000,0.0000
40.6500,-0.0005,0.0000,0.0001
40.6667,-0.0005,0.0000,0.0000
40.6833,-0.0005,0.0000,0.0000
40.7000,-0.0005,0.0000,0.0000
40.7167,-0.0005,0.0000,0.0000
40.7333,-0.0005,0.0000,0.0000
40.7500,-0.0005,-0.0000,0.0000
40.7667,-0.0005,0.0000,0.0001
40.7833,-0.0005,0.0000,0.0000
40.8000,-0.0005,0.0000,0.0000
40.8167,-0.0005,0.0000,0.0001
40.8333,-0.0005,0.0000,0.0000
40.8500,-0.0005,0.0000,0.0000
40.8667,-0.0005,0.0000,0.0000
40.8833,-0.0005,0.0000,0.0000
40.9000,-0.0005,0.0000,0.0000
40.9167,-0.0005,0.0000,0.0001
40.9333,-0.0005,0.0000,0.0001
40.9500,-0.0005,0.0000,0.0000
40.9667,-0.0005,0.0000,0.0000
40.9833,-0.0005,-0.0000,0.0000
41.0000,-0.0005,0.0000,0.0000
41.0167,-0.0005,0.0000,0.0000
41.0333,-0.0005,0.0000,0.0000
41.0500,-0.0005,0.0000,0.0000
41.0667,-0.0005,0.0000,0.0001
41.0833,-0.0005,0.0000,0.0000
41.1000,-0.0005,0.0000,0.0000
41.1167,-0.0005,0.0000,0.0001
41.1333,-0.0005,0.0000,0.0000
41.1500,-0.0005,0.0000,0.0001
41.1667,-0.0005,0.0000,0.0000
41.1833,-0.0005,0.0000,0.0000
41.2000,-0.0005,0.0000,0.0001
41.2167,-0.0005,0.0000,0.0001
41.2333,-0.0005,-0.0000,0.0000
41.2500,-0.0005,0.0000,0.0000
41.2667,-0.0005,0.0000,0.0000
41.2833,-0.0005,0.0000,0.0001
41.3000,-0.0005,0.0000,0.0000
41.3167,-0.0005,0.0000,0.0000
41.3333,-0.0005,0.0000,0.0000
41.3500,-0.0005,0.0000,0.0001
41.3667,-0.0005,0.0000,0.0000
41.3833,-0.0005,0.0000,0.0001
41.4000,-0.0005,0.0000,0.0000
41.4167,-0.0005,0.0000,0.0000
41.4333,-0.0005,0.0000,0.0001
41.4500,-0.0005,0.0000,0.0000
41.4667,-0.0005,-0.0000,0.0000
41.4833,-0.0005,-0.0000,0.0000
41.5000,-0.0005,0.0000,0.0000
41.5167,-0.0005,0.0000,0.0000
41.5333,-0.0005,0.0000,0.0001
41.5500,-0.0005,0.0000,0.0000
41.5667,-0.0005,0.0000,0.0000
41.5833,-0.0005,0.0000,0.0000
41.6000,-0.0005,0.0000,0.0001
41.6167,-0.0005,0.0000,0.0001
41.6333,-0.0005,0.0000,0.0000
41.6500,-0.0005,0.0000,0.0000
41.6667,-0.0005,0.0000,0.0001
41.6833,-0.0005,0.0000,0.0001
41.7000,-0.0005,-0.0000,0.0000
41.7167,-0.0005,-0.0000,0.0001
41.7333,-0.0005,0.0000,0.0001
41.7500,-0.0005,0.0000,0.0000
41.7667,-0.0005,0.0000,0.0000
41.7833,-0.0005,0.0000,0.0001
41.8000,-0.0005,0.0000,0.0001
41.8167,-0.0005,0.0000,0.0000
41.8333,-0.0005,0.0000,0.0000
41.8500,-0.0005,0.0000,0.0001
41.8667,-0.0005,0.0000,0.0000
41.8833,-0.0005,0.0000,0.0000
41.9000,-0.0005,0.0000,0.0000
41.9167,-0.0005,0.0000,0.0000
41.9333,-0.0005,-0.0000,0.0000
41.9500,-0.0005,-0.0000,0.0000
41.9667,-0.0005,0.0000,0.0000
41.9833,-0.0005,0.0000,0.0000
42.0000,-0.0005,0.0000,0.0000
42.0167,-0.0005,0.0000,0.0001
42.0333,-0.0005,0.0000,0.0001
42.0500,-0.0005,0.0000,0.0000
42.0667,-0.0005,0.0000,0.0000
42.0833,-0.0005,0.0000,0.0000
42.1000,-0.0005,0.0000,0.0000
42.1167,-0.0005,0.0000,0.0000
42.1333,-0.0005,0.0000,0.0000
42.1500,-0.0005,0.0000,0.0001
42.1667,-0.0005,-0.0000,0.0000
42.1833,-0.0005,-0.0000,0.0000
42.2000,-0.0005,0.0000,0.0000
42.2167,-0.0005,0.0000,0.0001
42.2333,-0.0005,0.0000,0.0000
42.2500,-0.0005,0.0000,0.0000
42.2667,-0.0005,0.0000,0.0000
42.2833,-0.0005,0.0000,0.0000
42.3000,-0.0005,0.0000,0.0000
42.3167,-0.0005,0.0000,0.0000
42.3333,-0.0005,0.0000,0.0000
42.3500,-0.0005,0.0000,0.0000
42.3667,-0.0005,0.0000,0.0001
42.3833,-0.0005,0.0000,0.0000
42.4000,-0.0005,-0.0000,0.0000
42.4167,-0.0005,-0.0000,0.0000
42.4333,-0.0005,0.0000,0.0000
42.4500,-0.0005,0.0000,0.0000
42.4667,-0.0005,0.0000,0.0000
42.4833,-0.0005,0.0000,0.0000
42.5000,-0.0005,0.0000,0.0000
42.5167,-0.0005,0.0000,0.0000
42.5333,0.0010,-0.0000,0.0938
42.5500,0.0042,0.0000,0.1915
42.5667,0.0090,-0.0000,0.2891
42.5833,0.0154,-0.0000,0.3868
42.6000,0.0234,-0.0000,0.4844
42.6167,0.0330,-0.0000,0.5821
42.6333,0.0442,-0.0001,0.6798
42.6500,0.0570,-0.0001,0.7774
42.6667,0.0706,-0.0002,0.8325
42.6833,0.0845,-0.0003,0.8348
42.7000,0.0984,-0.0003,0.8348
42.7167,0.1123,-0.0004,0.8348
42.7333,0.1263,-0.0004,0.8348
42.7500,0.1402,-0.0005,0.8348
42.7667,0.1541,-0.0006,0.8348
42.7833,0.1680,-0.0006,0.8348
42.8000,0.1819,-0.0007,0.8348
42.8167,0.1958,-0.0007,0.8348
42.8333,0.2097,-0.0008,0.8348
42.8500,0.2236,-0.0009,0.8348
42.8667,0.2376,-0.0009,0.8348
42.8833,0.2515,-0.0010,0.8348
42.9000,0.2654,-0.0010,0.8348
42.9167,0.2793,-0.0011,0.8348
42.9333,0.2932,-0.0012,0.8348
42.9500,0.3071,-0.0012,0.8348
42.9667,0.3210,-0.0013,0.8348
42.9833,0.3349,-0.0013,0.8348
43.0000,0.3489,-0.0014,0.8348
43.0167,0.3628,-0.0015,0.8348
43.0333,0.3767,-0.0015,0.8348
43.0500,0.3906,-0.0016,0.8348
43.0667,0.4045,-0.0016,0.8348
43.0833,0.4184,-0.0017,0.8348
43.1000,0.4323,-0.0018,0.8348
43.1167,0.4462,-0.0018,0.8348
43.1333,0.4602,-0.0019,0.8348
43.1500,0.4741,-0.0019,0.8348
43.1667,0.4880,-0.0020,0.8348
43.1833,0.5019,-0.0021,0.8348
43.2000,0.5158,-0.0021,0.8349
43.2167,0.5297,-0.0022,0.8349
43.2333,0.5436,-0.0023,0.8348
43.2500,0.5576,-0.0023,0.8348
43.2667,0.5715,-0.0024,0.8349
43.2833,0.5854,-0.0024,0.8348
43.3000,0.5993,-0.0025,0.8348
43.3167,0.6132,-0.0026,0.8348
43.3333,0.6271,-0.0026,0.8349
43.3500,0.6410,-0.0027,0.8349
43.3667,0.6550,-0.0027,0.8348
43.3833,0.6689,-0.0028,0.8348
43.4000,0.6828,-0.0029,0.8349
43.4167,0.6967,-0.0029,0.8349
43.4333,0.7106,-0.0030,0.8349
43.4500,0.7245,-0.0030,0.8348
43.4667,0.7384,-0.0031,0.8349
43.4833,0.7523,-0.0032,0.8349
43.5000,0.7663,-0.0032,0.8349
43.5167,0.7802,-0.0033,0.8349
43.5333,0.7941,-0.0033,0.8348
43.5500,0.8080,-0.0034,0.8349
43.5667,0.8219,-0.0035,0.8349
43.5833,0.8358,-0.0035,0.8349
43.6000,0.8497,-0.0036,0.8349
43.6167,0.8637,-0.0036,0.8349
43.6333,0.8776,-0.0037,0.8349
43.6500,0.8915,-0.0038,0.8348
43.6667,0.9054,-0.0038,0.8349
43.6833,0.9193,-0.0039,0.8348
43.7000,0.9332,-0.0040,0.8348
43.7167,0.9471,-0.0040,0.8348
43.7333,0.9611,-0.0041,0.8349
43.7500,0.9750,-0.0041,0.8349
43.7667,0.9889,-0.0042,0.8349
43.7833,1.0028,-0.0043,0.8347
43.8000,1.0167,-0.0043,0.8347
43.8167,1.0306,-0.0044,0.8347
43.8333,1.0445,-0.0044,0.8347
43.8500,1.0584,-0.0045,0.8348
43.8667,1.0724,-0.0046,0.8347
43.8833,1.0863,-0.0046,0.8347
43.9000,1.1002,-0.0047,0.8348
43.9167,1.1141,-0.0047,0.8348
43.9333,1.1280,-0.0048,0.8347
43.9500,1.1419,-0.0049,0.8348
43.9667,1.1558,-0.0049,0.8347
43.9833,1.1697,-0.0050,0.8347
44.0000,1.1837,-0.0050,0.8347
44.0167,1.1976,-0.0051,0.8348
44.0333,1.2115,-0.0052,0.8347
44.0500,1.2254,-0.0052,0.8348
44.0667,1.2393,-0.0053,0.8347
44.0833,1.2532,-0.0054,0.8348
44.1000,1.2671,-0.0054,0.8347
44.1167,1.2810,-0.0055,0.8347
44.1333,1.2949,-0.0055,0.8347
44.1500,1.3089,-0.0056,0.8347
44.1667,1.3228,-0.0057,0.8347
44.1833,1.3367,-0.0057,0.8347
44.2000,1.3506,-0.0058,0.8347
44.2167,1.3645,-0.0058,0.8347
44.2333,1.3784,-0.0059,0.8348
44.2500,1.3923,-0.0060,0.8348
44.2667,1.4062,-0.0060,0.8347
44.2833,1.4202,-0.0061,0.8348
44.3000,1.4341,-0.0061,0.8348
44.3167,1.4480,-0.0062,0.8347
44.3333,1.4619,-0.0063,0.8348
44.3500,1.4758,-0.0063,0.8347
44.3667,1.4897,-0.0064,0.8348
44.3833,1.5036,-0.0065,0.8347
44.4000,1.5175,-0.0065,0.8348
44.4167,1.5315,-0.0066,0.8348
44.4333,1.5454,-0.0066,0.8347
44.4500,1.5593,-0.0067,0.8348
44.4667,1.5732,-0.0068,0.8348
44.4833,1.5871,-0.0068,0.8347
44.5000,1.6010,-0.0069,0.8347
44.5167,1.6149,-0.0069,0.8348
44.5333,1.6288,-0.0070,0.8347
44.5500,1.6428,-0.0071,0.8347
44.5667,1.6567,-0.0071,0.8347
44.5833,1.6706,-0.0072,0.8347
44.6000,1.6845,-0.0073,0.8348
44.6167,1.6984,-0.0073,0.8347
44.6333,1.7123,-0.0074,0.8348
44.6500,1.7262,-0.0074,0.8347
44.6667,1.7401,-0.0075,0.8347
44.6833,1.7541,-0.0076,0.8347
44.7000,1.7680,-0.0076,0.8347
44.7167,1.7819,-0.0077,0.8347
44.7333,1.7958,-0.0077,0.8347
44.7500,1.8097,-0.0078,0.8348
44.7667,1.8236,-0.0079,0.8348
44.7833,1.8375,-0.0079,0.8347
44.8000,1.8514,-0.0080,0.8347
44.8167,1.8653,-0.0080,0.8347
44.8333,1.8793,-0.0081,0.8347
44.8500,1.8932,-0.0082,0.8348
44.8667,1.9071,-0.0082,0.8348
44.8833,1.9210,-0.0083,0.8347
44.9000,1.9349,-0.0084,0.8347
44.9167,1.9488,-0.0084,0.8347
44.9333,1.9627,-0.0085,0.8347
44.9500,1.9766,-0.0085,0.8347
44.9667,1.9906,-0.0086,0.8348
44.9833,2.0045,-0.0087,0.8345
45.0000,2.0184,-0.0087,0.8345
45.0167,2.0323,-0.0088,0.8345
45.0333,2.0462,-0.0088,0.8345
45.0500,2.0601,-0.0089,0.8346
45.0667,2.0740,-0.0090,0.8345
45.0833,2.0879,-0.0090,0.8345
45.1000,2.1018,-0.0091,0.8345
45.1167,2.1157,-0.0092,0.8345
45.1333,2.1296,-0.0092,0.8345
45.1500,2.1436,-0.0093,0.8345
45.1667,2.1575,-0.0093,0.8345
45.1833,2.1714,-0.0094,0.8345
45.2000,2.1853,-0.0095,0.8345
45.2167,2.1992,-0.0095,0.8345
45.2333,2.2131,-0.0096,0.8345
45.2500,2.2270,-0.0096,0.8345
45.2667,2.2409,-0.0097,0.8345
45.2833,2.2548,-0.0098,0.8345
45.3000,2.2687,-0.0098,0.8345
45.3167,2.2826,-0.0099,0.8345
45.3333,2.2966,-0.0100,0.8345
45.3500,2.3105,-0.0100,0.8345
45.3667,2.3244,-0.0101,0.8345
45.3833,2.3383,-0.0101,0.8345
45.4000,2.3522,-0.0102,0.8345
45.4167,2.3661,-0.0103,0.8345
45.4333,2.3800,-0.0103,0.8345
45.4500,2.3939,-0.0104,0.8345
45.4667,2.4078,-0.0104,0.8345
45.4833,2.4217,-0.0105,0.8345
45.5000,2.4356,-0.0106,0.8345
45.5167,2.4495,-0.0106,0.8345
45.5333,2.4635,-0.0107,0.8345
45.5500,2.4774,-0.0108,0.8345
45.5667,2.4913,-0.0108,0.8345
45.5833,2.5052,-0.0109,0.8345
45.6000,2.5191,-0.0109,0.8345
45.6167,2.5330,-0.0110,0.8345
45.6333,2.5469,-0.0111,0.8345
45.6500,2.5608,-0.0111,0.8345
45.6667,2.5747,-0.0112,0.8345
45.6833,2.5886,-0.0113,0.8345
45.7000,2.6025,-0.0113,0.8345
45.7167,2.6164,-0.0114,0.8345
45.7333,2.6304,-0.0114,0.8345
45.7500,2.6443,-0.0115,0.8345
45.7667,2.6582,-0.0116,0.8345
45.7833,2.6721,-0.0116,0.8345
45.8000,2.6860,-0.0117,0.8345
45.8167,2.6999,-0.0117,0.8345
45.8333,2.7138,-0.0118,0.8345
45.8500,2.7277,-0.0119,0.8345
45.8667,2.7416,-0.0119,0.8345
45.8833,2.7555,-0.0120,0.8345
45.9000,2.7694,-0.0121,0.8345
45.9167,2.7834,-0.0121,0.8345
45.9333,2.7973,-0.0122,0.8345
45.9500,2.8112,-0.0122,0.8345
45.9667,2.8251,-0.0123,0.8345
45.9833,2.8390,-0.0124,0.8345
46.0000,2.8529,-0.0124,0.8345
46.0167,2.8668,-0.0125,0.8345
46.0333,2.8807,-0.0125,0.8345
46.0500,2.8946,-0.0126,0.8345
46.0667,2.9085,-0.0127,0.8345
46.0833,2.9224,-0.0127,0.8345
46.1000,2.9363,-0.0128,0.8345
46.1167,2.9503,-0.0129,0.8345
46.1333,2.9642,-0.0129,0.8345
46.1500,2.9781,-0.0130,0.8345
46.1667,2.9920,-0.0130,0.8345
46.1833,3.0059,-0.0131,0.8345
46.2000,3.0198,-0.0132,0.8345
46.2167,3.0337,-0.0132,0.8346
46.2333,3.0476,-0.0133,0.8345
46.2500,3.0615,-0.0134,0.8345
46.2667,3.0754,-0.0134,0.8345
46.2833,3.0893,-0.0135,0.8345
46.3000,3.1032,-0.0135,0.8345
46.3167,3.1172,-0.0136,0.8345
46.3333,3.1311,-0.0137,0.8345
46.3500,3.1450,-0.0137,0.8345
46.3667,3.1589,-0.0138,0.8345
46.3833,3.1728,-0.0139,0.8345
46.4000,3.1867,-0.0139,0.8345
46.4167,3.2006,-0.0140,0.8345
46.4333,3.2145,-0.0140,0.8345
46.4500,3.2284,-0.0141,0.8345
46.4667,3.2423,-0.0142,0.8345
46.4833,3.2562,-0.0142,0.8345
46.5000,3.2701,-0.0143,0.8346
46.5167,3.2841,-0.0143,0.8346
46.5333,3.2980,-0.0144,0.8345
46.5500,3.3119,-0.0145,0.8345
46.5667,3.3258,-0.0145,0.8345
46.5833,3.3397,-0.0146,0.8345
46.6000,3.3536,-0.0147,0.8345
46.6167,3.3675,-0.0147,0.8345
46.6333,3.3814,-0.0148,0.8345
46.6500,3.3953,-0.0148,0.8345
46.6667,3.4092,-0.0149,0.8345
46.6833,3.4231,-0.0150,0.8345
46.7000,3.4371,-0.0150,0.8345
46.7167,3.4510,-0.0151,0.8345
46.7333,3.4649,-0.0152,0.8345
46.7500,3.4788,-0.0152,0.8345
46.7667,3.4927,-0.0153,0.8345
46.7833,3.5066,-0.0153,0.8345
46.8000,3.5205,-0.0154,0.8345
46.8167,3.5344,-0.0155,0.8345
46.8333,3.5483,-0.0155,0.8345
46.8500,3.5622,-0.0156,0.8345
46.8667,3.5761,-0.0157,0.8345
46.8833,3.5900,-0.0157,0.8345
46.9000,3.6040,-0.0158,0.8345
46.9167,3.6179,-0.0158,0.8346
46.9333,3.6318,-0.0159,0.8346
46.9500,3.6457,-0.0160,0.8345
46.9667,3.6596,-0.0160,0.8345
46.9833,3.6735,-0.0161,0.8345
47.0000,3.6874,-0.0162,0.8345
47.0167,3.7013,-0.0162,0.8345
47.0333,3.7152,-0.0163,0.8345
47.0500,3.7291,-0.0163,0.8345
47.0667,3.7430,-0.0164,0.8345
47.0833,3.7569,-0.0165,0.8345
47.1000,3.7709,-0.0165,0.8345
47.1167,3.7848,-0.0166,0.8345
47.1333,3.7987,-0.0167,0.8345
47.1500,3.8126,-0.0167,0.8345
47.1667,3.8265,-0.0168,0.8345
47.1833,3.8404,-0.0168,0.8345
47.2000,3.8543,-0.0169,0.8345
47.2167,3.8682,-0.0170,0.8345
47.2333,3.8821,-0.0170,0.8345
47.2500,3.8960,-0.0171,0.8345
47.2667,3.9099,-0.0172,0.8345
47.2833,3.9238,-0.0172,0.8345
47.3000,3.9378,-0.0173,0.8345
47.3167,3.9517,-0.0173,0.8345
47.3333,3.9656,-0.0174,0.8345
47.3500,3.9795,-0.0175,0.8345
47.3667,3.9934,-0.0175,0.8345
47.3833,4.0073,-0.0176,0.8343
47.4000,4.0212,-0.0177,0.8341
47.4167,4.0351,-0.0177,0.8341
47.4333,4.0490,-0.0178,0.8341
47.4500,4.0629,-0.0178,0.8341
47.4667,4.0768,-0.0179,0.8341
47.4833,4.0907,-0.0180,0.8341
47.5000,4.1046,-0.0180,0.8341
47.5167,4.1185,-0.0181,0.8342
47.5333,4.1324,-0.0182,0.8341
47.5500,4.1463,-0.0182,0.8341
47.5667,4.1602,-0.0183,0.8342
47.5833,4.1741,-0.0183,0.8341
47.6000,4.1880,-0.0184,0.8341
47.6167,4.2019,-0.0185,0.8341
47.6333,4.2158,-0.0185,0.8341
47.6500,4.2297,-0.0186,0.8341
47.6667,4.2436,-0.0187,0.8341
47.6833,4.2575,-0.0187,0.8342
47.7000,4.2714,-0.0188,0.8341
47.7167,4.2853,-0.0188,0.8341
47.7333,4.2992,-0.0189,0.8341
47.7500,4.3131,-0.0190,0.8342
47.7667,4.3270,-0.0190,0.8341
47.7833,4.3409,-0.0191,0.8341
47.8000,4.3548,-0.0192,0.8341
47.8167,4.3687,-0.0192,0.8341
47.8333,4.3826,-0.0193,0.8340
47.8500,4.3965,-0.0193,0.8341
47.8667,4.4104,-0.0194,0.8341
47.8833,4.4243,-0.0195,0.8341
47.9000,4.4382,-0.0195,0.8341
47.9167,4.4521,-0.0196,0.8341
47.9333,4.4660,-0.0197,0.8340
47.9500,4.4799,-0.0197,0.8341
47.9667,4.4938,-0.0198,0.8341
47.9833,4.5077,-0.0199,0.8341
48.0000,4.5216,-0.0199,0.8341
48.0167,4.5355,-0.0200,0.8341
48.0333,4.5494,-0.0200,0.8342
48.0500,4.5633,-0.0201,0.8341
48.0667,4.5772,-0.0202,0.8341
48.0833,4.5911,-0.0202,0.8340
48.1000,4.6051,-0.0203,0.8341
48.1167,4.6190,-0.0204,0.8341
48.1333,4.6329,-0.0204,0.8342
48.1500,4.6468,-0.0205,0.8341
48.1667,4.6607,-0.0205,0.8341
48.1833,4.6746,-0.0206,0.8341
48.2000,4.6885,-0.0207,0.8341
48.2167,4.7024,-0.0207,0.8342
48.2333,4.7163,-0.0208,0.8341
48.2500,4.7302,-0.0209,0.8341
48.2667,4.7441,-0.0209,0.8342
48.2833,4.7580,-0.0210,0.8341
48.3000,4.7719,-0.0210,0.8341
48.3167,4.7858,-0.0211,0.8341
48.3333,4.7997,-0.0212,0.8342
48.3500,4.8136,-0.0212,0.8341
48.3667,4.8275,-0.0213,0.8341
48.3833,4.8414,-0.0214,0.8341
48.4000,4.8553,-0.0214,0.8341
48.4167,4.8692,-0.0215,0.8341
48.4333,4.8831,-0.0216,0.8341
48.4500,4.8970,-0.0216,0.8341
48.4667,4.9109,-0.0217,0.8341
48.4833,4.9248,-0.0217,0.8342
48.5000,4.9387,-0.0218,0.8341
48.5167,4.9526,-0.0219,0.8341
48.5333,4.9665,-0.0219,0.8340
48.5500,4.9804,-0.0220,0.8341
48.5667,4.9943,-0.0221,0.8341
48.5833,5.0082,-0.0221,0.8340
48.6000,5.0221,-0.0222,0.8341
48.6167,5.0360,-0.0222,0.8341
48.6333,5.0499,-0.0223,0.8342
48.6500,5.0638,-0.0224,0.8341
48.6667,5.0777,-0.0224,0.8341
48.6833,5.0916,-0.0225,0.8341
48.7000,5.1055,-0.0226,0.8341
48.7167,5.1194,-0.0226,0.8341
48.7333,5.1333,-0.0227,0.8341
48.7500,5.1472,-0.0228,0.8341
48.7667,5.1611,-0.0228,0.8340
48.7833,5.1750,-0.0229,0.8341
48.8000,5.1889,-0.0229,0.8341
48.8167,5.2028,-0.0230,0.8342
48.8333,5.2167,-0.0231,0.8341
48.8500,5.2306,-0.0231,0.8341
48.8667,5.2445,-0.0232,0.8341
48.8833,5.2584,-0.0233,0.8341
48.9000,5.2723,-0.0233,0.8341
48.9167,5.2862,-0.0234,0.8341
48.9333,5.3001,-0.0234,0.8341
48.9500,5.3140,-0.0235,0.8342
48.9667,5.3279,-0.0236,0.8341
48.9833,5.3418,-0.0236,0.8341
49.0000,5.3557,-0.0237,0.8342
49.0167,5.3696,-0.0238,0.8341
49.0333,5.3835,-0.0238,0.8341
49.0500,5.3974,-0.0239,0.8342
49.0667,5.4113,-0.0240,0.8341
49.0833,5.4252,-0.0240,0.8341
49.1000,5.4391,-0.0241,0.8341
49.1167,5.4530,-0.0241,0.8341
49.1333,5.4669,-0.0242,0.8341
49.1500,5.4808,-0.0243,0.8342
49.1667,5.4947,-0.0243,0.8340
49.1833,5.5086,-0.0244,0.8341
49.2000,5.5225,-0.0245,0.8341
49.2167,5.5364,-0.0245,0.8342
49.2333,5.5503,-0.0246,0.8341
49.2500,5.5642,-0.0247,0.8341
49.2667,5.5781,-0.0247,0.8341
49.2833,5.5920,-0.0248,0.8341
49.3000,5.6059,-0.0248,0.8341
49.3167,5.6198,-0.0249,0.8341
49.3333,5.6337,-0.0250,0.8342
49.3500,5.6476,-0.0250,0.8341
49.3667,5.6615,-0.0251,0.8341
49.3833,5.6754,-0.0252,0.8341
49.4000,5.6893,-0.0252,0.8341
49.4167,5.7032,-0.0253,0.8340
49.4333,5.7171,-0.0254,0.8341
49.4500,5.7310,-0.0254,0.8341
49.4667,5.7449,-0.0255,0.8342
49.4833,5.7588,-0.0255,0.8341
49.5000,5.7727,-0.0256,0.8341
49.5167,5.7866,-0.0257,0.8342
49.5333,5.8005,-0.0257,0.8341
49.5500,5.8145,-0.0258,0.8341
49.5667,5.8284,-0.0259,0.8341
49.5833,5.8423,-0.0259,0.8341
49.6000,5.8562,-0.0260,0.8341
49.6167,5.8701,-0.0261,0.8341
49.6333,5.8840,-0.0261,0.8341
49.6500,5.8979,-0.0262,0.8340
49.6667,5.9118,-0.0262,0.8341
49.6833,5.9257,-0.0263,0.8341
49.7000,5.9396,-0.0264,0.8342
49.7167,5.9535,-0.0264,0.8341
49.7333,5.9674,-0.0265,0.8341
49.7500,5.9813,-0.0266,0.8342
49.7667,5.9952,-0.0266,0.8341
49.7833,6.0091,-0.0267,0.8341
49.8000,6.0230,-0.0268,0.8340
49.8167,6.0369,-0.0268,0.8341
49.8333,6.0508,-0.0269,0.8341
49.8500,6.0647,-0.0269,0.8340
49.8667,6.0786,-0.0270,0.8341
49.8833,6.0925,-0.0271,0.8341
49.9000,6.1064,-0.0271,0.8342
49.9167,6.1203,-0.0272,0.8341
49.9333,6.1342,-0.0273,0.8341
49.9500,6.1481,-0.0273,0.8341
49.9667,6.1620,-0.0274,0.8341
49.9833,6.1759,-0.0275,0.8342
50.0000,6.1898,-0.0275,0.8341
50.0167,6.2037,-0.0276,0.8341
50.0333,6.2176,-0.0276,0.8341
50.0500,6.2315,-0.0277,0.8341
50.0667,6.2454,-0.0278,0.8342
50.0833,6.2593,-0.0278,0.8341
50.1000,6.2732,-0.0279,0.8341
50.1167,6.2871,-0.0280,0.8342
50.1333,6.3010,-0.0280,0.8340
50.1500,6.3149,-0.0281,0.8341
50.1667,6.3288,-0.0282,0.8341
50.1833,6.3427,-0.0282,0.8341
50.2000,6.3566,-0.0283,0.8340
50.2167,6.3705,-0.0283,0.8341
50.2333,6.3844,-0.0284,0.8341
50.2500,6.3983,-0.0285,0.8341
50.2667,6.4122,-0.0285,0.8341
50.2833,6.4261,-0.0286,0.8341
50.3000,6.4400,-0.0287,0.8341
50.3167,6.4539,-0.0287,0.8341
50.3333,6.4678,-0.0288,0.8341
50.3500,6.4817,-0.0289,0.8341
50.3667,6.4956,-0.0289,0.8342
50.3833,6.5095,-0.0290,0.8341
50.4000,6.5234,-0.0290,0.8341
50.4167,6.5373,-0.0291,0.8342
50.4333,6.5512,-0.0292,0.8341
50.4500,6.5651,-0.0292,0.8341
50.4667,6.5790,-0.0293,0.8341
50.4833,6.5929,-0.0294,0.8342
50.5000,6.6068,-0.0294,0.8341
50.5167,6.6207,-0.0295,0.8341
50.5333,6.6346,-0.0296,0.8341
50.5500,6.6485,-0.0296,0.8341
50.5667,6.6624,-0.0297,0.8342
50.5833,6.6763,-0.0298,0.8341
50.6000,6.6902,-0.0298,0.8341
50.6167,6.7041,-0.0299,0.8342
50.6333,6.7180,-0.0299,0.8341
50.6500,6.7319,-0.0300,0.8341
50.6667,6.7458,-0.0301,0.8342
50.6833,6.7597,-0.0301,0.8341
50.7000,6.7736,-0.0302,0.8341
50.7167,6.7875,-0.0303,0.8341
50.7333,6.8014,-0.0303,0.8341
50.7500,6.8153,-0.0304,0.8341
50.7667,6.8292,-0.0305,0.8340
50.7833,6.8431,-0.0305,0.8341
50.8000,6.8570,-0.0306,0.8341
50.8167,6.8709,-0.0306,0.8342
50.8333,6.8848,-0.0307,0.8341
50.8500,6.8987,-0.0308,0.8341
50.8667,6.9126,-0.0308,0.8341
50.8833,6.9265,-0.0309,0.8341
50.9000,6.9405,-0.0310,0.8341
50.9167,6.9544,-0.0310,0.8341
50.9333,6.9683,-0.0311,0.8341
50.9500,6.9822,-0.0312,0.8342
50.9667,6.9961,-0.0312,0.8341
50.9833,7.0100,-0.0313,0.8341
51.0000,7.0239,-0.0314,0.8341
51.0167,7.0378,-0.0314,0.8341
51.0333,7.0517,-0.0315,0.8341
51.0500,7.0656,-0.0315,0.8341
51.0667,7.0795,-0.0316,0.8341
51.0833,7.0934,-0.0317,0.8340
51.1000,7.1073,-0.0317,0.8341
51.1167,7.1212,-0.0318,0.8341
51.1333,7.1351,-0.0319,0.8342
51.1500,7.1490,-0.0319,0.8341
51.1667,7.1629,-0.0320,0.8341
51.1833,7.1768,-0.0321,0.8341
51.2000,7.1907,-0.0321,0.8341
51.2167,7.2046,-0.0322,0.8340
51.2333,7.2185,-0.0323,0.8341
51.2500,7.2324,-0.0323,0.8341
51.2667,7.2463,-0.0324,0.8341
51.2833,7.2602,-0.0324,0.8342
51.3000,7.2741,-0.0325,0.8341
51.3167,7.2880,-0.0326,0.8341
51.3333,7.3019,-0.0326,0.8342
51.3500,7.3158,-0.0327,0.8341
51.3667,7.3297,-0.0328,0.8341
51.3833,7.3436,-0.0328,0.8342
51.4000,7.3575,-0.0329,0.8341
51.4167,7.3714,-0.0330,0.8341
51.4333,7.3853,-0.0330,0.8340
51.4500,7.3992,-0.0331,0.8341
51.4667,7.4131,-0.0332,0.8341
51.4833,7.4270,-0.0332,0.8342
51.5000,7.4409,-0.0333,0.8341
51.5167,7.4548,-0.0334,0.8341
51.5333,7.4687,-0.0334,0.8342
51.5500,7.4826,-0.0335,0.8341
51.5667,7.4965,-0.0335,0.8341
51.5833,7.5104,-0.0336,0.8342
51.6000,7.5243,-0.0337,0.8341
51.6167,7.5382,-0.0337,0.8341
51.6333,7.5521,-0.0338,0.8342
51.6500,7.5660,-0.0339,0.8340
51.6667,7.5799,-0.0339,0.8341
51.6833,7.5938,-0.0340,0.8342
51.7000,7.6077,-0.0341,0.8341
51.7167,7.6216,-0.0341,0.8341
51.7333,7.6355,-0.0342,0.8341
51.7500,7.6494,-0.0343,0.8342
51.7667,7.6633,-0.0343,0.8341
51.7833,7.6772,-0.0344,0.8341
51.8000,7.6911,-0.0344,0.8341
51.8167,7.7050,-0.0345,0.8341
51.8333,7.7189,-0.0346,0.8341
51.8500,7.7328,-0.0346,0.8341
51.8667,7.7467,-0.0347,0.8340
51.8833,7.7606,-0.0348,0.8341
51.9000,7.7745,-0.0348,0.8341
51.9167,7.7884,-0.0349,0.8341
51.9333,7.8023,-0.0350,0.8342
51.9500,7.8162,-0.0350,0.8341
51.9667,7.8301,-0.0351,0.8341
51.9833,7.8440,-0.0352,0.8342
52.0000,7.8579,-0.0352,0.8341
52.0167,7.8718,-0.0353,0.8341
52.0333,7.8857,-0.0354,0.8341
52.0500,7.8996,-0.0354,0.8340
52.0667,7.9135,-0.0355,0.8341
52.0833,7.9274,-0.0355,0.8341
52.1000,7.9413,-0.0356,0.8341
52.1167,7.9552,-0.0357,0.8341
52.1333,7.9691,-0.0357,0.8341
52.1500,7.9830,-0.0358,0.8341
52.1667,7.9969,-0.0359,0.8342
52.1833,8.0108,-0.0359,0.8337
52.2000,8.0247,-0.0360,0.8332
52.2167,8.0386,-0.0361,0.8332
52.2333,8.0525,-0.0361,0.8332
52.2500,8.0664,-0.0362,0.8332
52.2667,8.0803,-0.0363,0.8332
52.2833,8.0942,-0.0363,0.8332
52.3000,8.1081,-0.0364,0.8332
52.3167,8.1219,-0.0365,0.8332
52.3333,8.1358,-0.0365,0.8332
52.3500,8.1497,-0.0366,0.8331
52.3667,8.1636,-0.0367,0.8334
52.3833,8.1775,-0.0367,0.8334
52.4000,8.1914,-0.0368,0.8333
52.4167,8.2053,-0.0368,0.8332
52.4333,8.2192,-0.0369,0.8332
52.4500,8.2330,-0.0370,0.8332
52.4667,8.2469,-0.0370,0.8332
52.4833,8.2608,-0.0371,0.8332
52.5000,8.2747,-0.0372,0.8332
52.5167,8.2886,-0.0372,0.8332
52.5333,8.3025,-0.0373,0.8331
52.5500,8.3164,-0.0374,0.8331
52.5667,8.3302,-0.0374,0.8331
52.5833,8.3441,-0.0375,0.8333
52.6000,8.3580,-0.0376,0.8332
52.6167,8.3719,-0.0376,0.8332
52.6333,8.3858,-0.0377,0.8332
52.6500,8.3997,-0.0378,0.8331
52.6667,8.4136,-0.0378,0.8333
52.6833,8.4275,-0.0379,0.8332
52.7000,8.4413,-0.0380,0.8332
52.7167,8.4552,-0.0380,0.8332
52.7333,8.4691,-0.0381,0.8332
52.7500,8.4830,-0.0381,0.8332
52.7667,8.4969,-0.0382,0.8332
52.7833,8.5108,-0.0383,0.8332
52.8000,8.5247,-0.0383,0.8332
52.8167,8.5386,-0.0384,0.8332
52.8333,8.5524,-0.0385,0.8331
52.8500,8.5663,-0.0385,0.8331
52.8667,8.5802,-0.0386,0.8331
52.8833,8.5941,-0.0387,0.8331
52.9000,8.6080,-0.0387,0.8331
52.9167,8.6219,-0.0388,0.8334
52.9333,8.6358,-0.0389,0.8333
52.9500,8.6496,-0.0389,0.8332
52.9667,8.6635,-0.0390,0.8332
52.9833,8.6774,-0.0391,0.8332
53.0000,8.6913,-0.0391,0.8333
53.0167,8.7052,-0.0392,0.8332
53.0333,8.7191,-0.0393,0.8332
53.0500,8.7330,-0.0393,0.8332
53.0667,8.7469,-0.0394,0.8332
53.0833,8.7607,-0.0394,0.8332
53.1000,8.7746,-0.0395,0.8332
53.1167,8.7885,-0.0396,0.8332
53.1333,8.8024,-0.0396,0.8331
53.1500,8.8163,-0.0397,0.8334
53.1667,8.8302,-0.0398,0.8333
53.1833,8.8441,-0.0398,0.8332
53.2000,8.8580,-0.0399,0.8332
53.2167,8.8718,-0.0400,0.8332
53.2333,8.8857,-0.0400,0.8332
53.2500,8.8996,-0.0401,0.8331
53.2667,8.9135,-0.0402,0.8332
53.2833,8.9274,-0.0402,0.8334
53.3000,8.9413,-0.0403,0.8333
53.3167,8.9552,-0.0404,0.8332
53.3333,8.9690,-0.0404,0.8332
53.3500,8.9829,-0.0405,0.8332
53.3667,8.9968,-0.0406,0.8332
53.3833,9.0107,-0.0406,0.8332
53.4000,9.0246,-0.0407,0.8332
53.4167,9.0385,-0.0408,0.8332
53.4333,9.0524,-0.0408,0.8331
53.4500,9.0663,-0.0409,0.8331
53.4667,9.0801,-0.0409,0.8331
53.4833,9.0940,-0.0410,0.8334
53.5000,9.1079,-0.0411,0.8333
53.5167,9.1218,-0.0411,0.8332
53.5333,9.1357,-0.0412,0.8332
53.5500,9.1496,-0.0413,0.8332
53.5667,9.1635,-0.0413,0.8332
53.5833,9.1773,-0.0414,0.8331
53.6000,9.1912,-0.0415,0.8331
53.6167,9.2051,-0.0415,0.8334
53.6333,9.2190,-0.0416,0.8333
53.6500,9.2329,-0.0417,0.8333
53.6667,9.2468,-0.0417,0.8332
53.6833,9.2607,-0.0418,0.8332
53.7000,9.2746,-0.0419,0.8332
53.7167,9.2884,-0.0419,0.8332
53.7333,9.3023,-0.0420,0.8332
53.7500,9.3162,-0.0421,0.8331
53.7667,9.3301,-0.0421,0.8331
53.7833,9.3440,-0.0422,0.8333
53.8000,9.3579,-0.0423,0.8332
53.8167,9.3718,-0.0423,0.8332
53.8333,9.3857,-0.0424,0.8332
53.8500,9.3995,-0.0425,0.8332
53.8667,9.4134,-0.0425,0.8332
53.8833,9.4273,-0.0426,0.8332
53.9000,9.4412,-0.0427,0.8331
53.9167,9.4551,-0.0427,0.8331
53.9333,9.4690,-0.0428,0.8331
53.9500,9.4829,-0.0428,0.8334
53.9667,9.4968,-0.0429,0.8333
53.9833,9.5106,-0.0430,0.8332
54.0000,9.5245,-0.0430,0.8332
54.0167,9.5384,-0.0431,0.8332
54.0333,9.5523,-0.0432,0.8332
54.0500,9.5662,-0.0432,0.8332
54.0667,9.5801,-0.0433,0.8332
54.0833,9.5940,-0.0434,0.8332
54.1000,9.6078,-0.0434,0.8332
54.1167,9.6217,-0.0435,0.8331
54.1333,9.6356,-0.0436,0.8331
54.1500,9.6495,-0.0436,0.8335
54.1667,9.6634,-0.0437,0.8331
54.1833,9.6773,-0.0438,0.8331
54.2000,9.6912,-0.0438,0.8331
54.2167,9.7050,-0.0439,0.8334
54.2333,9.7189,-0.0440,0.8333
54.2500,9.7328,-0.0440,0.8332
54.2667,9.7467,-0.0441,0.8332
54.2833,9.7606,-0.0442,0.8332
54.3000,9.7745,-0.0442,0.8332
54.3167,9.7884,-0.0443,0.8332
54.3333,9.8023,-0.0444,0.8332
54.3500,9.8161,-0.0444,0.8332
54.3667,9.8300,-0.0445,0.8331
54.3833,9.8439,-0.0446,0.8331
54.4000,9.8578,-0.0446,0.8333
54.4167,9.8717,-0.0447,0.8332
54.4333,9.8856,-0.0448,0.8332
54.4500,9.8995,-0.0448,0.8332
54.4667,9.9133,-0.0449,0.8332
54.4833,9.9272,-0.0450,0.8331
54.5000,9.9411,-0.0450,0.8331
54.5167,9.9550,-0.0451,0.8331
54.5333,9.9689,-0.0451,0.8334
54.5500,9.9828,-0.0452,0.8333
54.5667,9.9967,-0.0453,0.8332
54.5833,10.0105,-0.0453,0.8331
54.6000,10.0244,-0.0454,0.8332
54.6167,10.0383,-0.0455,0.8332
54.6333,10.0522,-0.0455,0.8332
54.6500,10.0661,-0.0456,0.8332
54.6667,10.0800,-0.0457,0.8331
54.6833,10.0939,-0.0457,0.8331
54.7000,10.1078,-0.0458,0.8334
54.7167,10.1216,-0.0459,0.8333
54.7333,10.1355,-0.0459,0.8332
54.7500,10.1494,-0.0460,0.8332
54.7667,10.1633,-0.0461,0.8332
54.7833,10.1772,-0.0461,0.8332
54.8000,10.1911,-0.0462,0.8332
54.8167,10.2050,-0.0463,0.8332
54.8333,10.2189,-0.0463,0.8332
54.8500,10.2327,-0.0464,0.8332
54.8667,10.2466,-0.0465,0.8334
54.8833,10.2605,-0.0465,0.8331
54.9000,10.2744,-0.0466,0.8333
54.9167,10.2883,-0.0467,0.8332
54.9333,10.3022,-0.0467,0.8332
54.9500,10.3161,-0.0468,0.8332
54.9667,10.3299,-0.0469,0.8332
54.9833,10.3438,-0.0469,0.8332
55.0000,10.3577,-0.0470,0.8331
55.0167,10.3716,-0.0471,0.8332
55.0333,10.3855,-0.0471,0.8331
55.0500,10.3994,-0.0472,0.8334
55.0667,10.4133,-0.0473,0.8333
55.0833,10.4272,-0.0473,0.8332
55.1000,10.4410,-0.0474,0.8332
55.1167,10.4549,-0.0475,0.8332
55.1333,10.4688,-0.0475,0.8332
55.1500,10.4827,-0.0476,0.8332
55.1667,10.4966,-0.0477,0.8332
55.1833,10.5105,-0.0477,0.8332
55.2000,10.5244,-0.0478,0.8331
55.2167,10.5383,-0.0479,0.8332
55.2333,10.5521,-0.0479,0.8332
55.2500,10.5660,-0.0480,0.8333
55.2667,10.5799,-0.0481,0.8331
55.2833,10.5938,-0.0481,0.8333
55.3000,10.6077,-0.0482,0.8332
55.3167,10.6216,-0.0483,0.8332
55.3333,10.6355,-0.0483,0.8332
55.3500,10.6494,-0.0484,0.8332
55.3667,10.6632,-0.0485,0.8332
55.3833,10.6771,-0.0485,0.8332
55.4000,10.6910,-0.0486,0.8332
55.4167,10.7049,-0.0487,0.8331
55.4333,10.7188,-0.0487,0.8331
55.4500,10.7327,-0.0488,0.8333
55.4667,10.7466,-0.0489,0.8332
55.4833,10.7604,-0.0489,0.8332
55.5000,10.7743,-0.0490,0.8332
55.5167,10.7882,-0.0491,0.8332
55.5333,10.8021,-0.0491,0.8331
55.5500,10.8160,-0.0492,0.8331
55.5667,10.8299,-0.0493,0.8333
55.5833,10.8438,-0.0493,0.8332
55.6000,10.8577,-0.0494,0.8332
55.6167,10.8715,-0.0495,0.8332
55.6333,10.8854,-0.0495,0.8332
55.6500,10.8993,-0.0496,0.8332
55.6667,10.9132,-0.0497,0.8331
55.6833,10.9271,-0.0497,0.8333
55.7000,10.9410,-0.0498,0.8332
55.7167,10.9549,-0.0499,0.8332
55.7333,10.9688,-0.0499,0.8332
55.7500,10.9826,-0.0500,0.8332
55.7667,10.9965,-0.0501,0.8332
55.7833,11.0104,-0.0501,0.8332
55.8000,11.0243,-0.0502,0.8332
55.8167,11.0382,-0.0503,0.8332
55.8333,11.0521,-0.0503,0.8331
55.8500,11.0660,-0.0504,0.8331
55.8667,11.0798,-0.0505,0.8331
55.8833,11.0937,-0.0505,0.8334
55.9000,11.1076,-0.0506,0.8333
55.9167,11.1215,-0.0507,0.8332
55.9333,11.1354,-0.0507,0.8332
55.9500,11.1493,-0.0508,0.8332
55.9667,11.1632,-0.0509,0.8332
55.9833,11.1771,-0.0509,0.8332
56.0000,11.1909,-0.0510,0.8332
56.0167,11.2048,-0.0511,0.8332
56.0333,11.2187,-0.0511,0.8332
56.0500,11.2326,-0.0512,0.8331
56.0667,11.2465,-0.0513,0.8331
56.0833,11.2604,-0.0513,0.8331
56.1000,11.2743,-0.0514,0.8331
56.1167,11.2882,-0.0515,0.8334
56.1333,11.3020,-0.0515,0.8333
56.1500,11.3159,-0.0516,0.8332
56.1667,11.3298,-0.0517,0.8332
56.1833,11.3437,-0.0517,0.8332
56.2000,11.3576,-0.0518,0.8331
56.2167,11.3715,-0.0519,0.8331
56.2333,11.3854,-0.0519,0.8334
56.2500,11.3992,-0.0520,0.8333
56.2667,11.4131,-0.0521,0.8332
56.2833,11.4270,-0.0521,0.8332
56.3000,11.4409,-0.0522,0.8332
56.3167,11.4548,-0.0523,0.8332
56.3333,11.4687,-0.0523,0.8332
56.3500,11.4826,-0.0524,0.8332
56.3667,11.4965,-0.0525,0.8331
56.3833,11.5103,-0.0525,0.8331
56.4000,11.5242,-0.0526,0.8331
56.4167,11.5381,-0.0527,0.8334
56.4333,11.5520,-0.0527,0.8333
56.4500,11.5659,-0.0528,0.8332
56.4667,11.5798,-0.0529,0.8332
56.4833,11.5937,-0.0529,0.8332
56.5000,11.6076,-0.0530,0.8332
56.5167,11.6214,-0.0531,0.8332
56.5333,11.6353,-0.0531,0.8332
56.5500,11.6492,-0.0532,0.8332
56.5667,11.6631,-0.0533,0.8331
56.5833,11.6770,-0.0533,0.8332
56.6000,11.6909,-0.0534,0.8333
56.6167,11.7048,-0.0535,0.8332
56.6333,11.7186,-0.0535,0.8332
56.6500,11.7325,-0.0536,0.8332
56.6667,11.7464,-0.0537,0.8331
56.6833,11.7603,-0.0537,0.8331
56.7000,11.7742,-0.0538,0.8331
56.7167,11.7881,-0.0539,0.8334
56.7333,11.8020,-0.0539,0.8333
56.7500,11.8159,-0.0540,0.8332
56.7667,11.8297,-0.0541,0.8332
56.7833,11.8436,-0.0541,0.8332
56.8000,11.8575,-0.0542,0.8332
56.8167,11.8714,-0.0543,0.8332
56.8333,11.8853,-0.0543,0.8332
56.8500,11.8992,-0.0544,0.8331
56.8667,11.9131,-0.0545,0.8331
56.8833,11.9270,-0.0545,0.8334
56.9000,11.9408,-0.0546,0.8334
56.9167,11.9547,-0.0547,0.8333
56.9333,11.9686,-0.0547,0.8332
56.9500,11.9825,-0.0548,0.8332
56.9667,11.9964,-0.0549,0.8332
56.9833,12.0103,-0.0549,0.8332
57.0000,12.0242,-0.0550,0.8332
57.0167,12.0381,-0.0551,0.8332
57.0333,12.0519,-0.0551,0.8332
57.0500,12.0658,-0.0552,0.8332
57.0667,12.0797,-0.0553,0.8332
57.0833,12.0936,-0.0553,0.8334
57.1000,12.1075,-0.0554,0.8333
57.1167,12.1214,-0.0555,0.8334
57.1333,12.1353,-0.0555,0.8332
57.1500,12.1491,-0.0556,0.8332
57.1667,12.1630,-0.0557,0.8332
57.1833,12.1769,-0.0557,0.8332
57.2000,12.1908,-0.0558,0.8332
57.2167,12.2047,-0.0559,0.8332
57.2333,12.2186,-0.0559,0.8332
57.2500,12.2325,-0.0560,0.8332
57.2667,12.2464,-0.0561,0.8331
57.2833,12.2602,-0.0561,0.8334
57.3000,12.2741,-0.0562,0.8333
57.3167,12.2880,-0.0563,0.8332
57.3333,12.3019,-0.0563,0.8332
57.3500,12.3158,-0.0564,0.8332
57.3667,12.3297,-0.0565,0.8332
57.3833,12.3436,-0.0565,0.8332
57.4000,12.3575,-0.0566,0.8331
57.4167,12.3713,-0.0567,0.8332
57.4333,12.3852,-0.0567,0.8331
57.4500,12.3991,-0.0568,0.8331
57.4667,12.4130,-0.0569,0.8332
57.4833,12.4269,-0.0569,0.8332
57.5000,12.4408,-0.0570,0.8332
57.5167,12.4547,-0.0571,0.8332
57.5333,12.4686,-0.0572,0.8332
57.5500,12.4824,-0.0572,0.8332
57.5667,12.4963,-0.0573,0.8332
57.5833,12.5102,-0.0574,0.8332
57.6000,12.5241,-0.0574,0.8333
57.6167,12.5380,-0.0575,0.8333
57.6333,12.5519,-0.0576,0.8332
57.6500,12.5658,-0.0576,0.8332
57.6667,12.5797,-0.0577,0.8332
57.6833,12.5935,-0.0578,0.8332
57.7000,12.6074,-0.0578,0.8332
57.7167,12.6213,-0.0579,0.8332
57.7333,12.6352,-0.0580,0.8332
57.7500,12.6491,-0.0580,0.8333
57.7667,12.6630,-0.0581,0.8332
57.7833,12.6769,-0.0582,0.8332
57.8000,12.6907,-0.0582,0.8332
57.8167,12.7046,-0.0583,0.8332
57.8333,12.7185,-0.0584,0.8332
57.8500,12.7324,-0.0584,0.8332
57.8667,12.7463,-0.0585,0.8333
57.8833,12.7602,-0.0586,0.8332
57.9000,12.7741,-0.0586,0.8332
57.9167,12.7879,-0.0587,0.8332
57.9333,12.8018,-0.0588,0.8332
57.9500,12.8157,-0.0588,0.8332
57.9667,12.8296,-0.0589,0.8332
57.9833,12.8435,-0.0590,0.8332
58.0000,12.8574,-0.0590,0.8332
58.0167,12.8713,-0.0591,0.8331
58.0333,12.8851,-0.0592,0.8334
58.0500,12.8990,-0.0592,0.8333
58.0667,12.9129,-0.0593,0.8332
58.0833,12.9268,-0.0594,0.8332
58.1000,12.9407,-0.0594,0.8332
58.1167,12.9546,-0.0595,0.8332
58.1333,12.9685,-0.0596,0.8332
58.1500,12.9824,-0.0596,0.8332
58.1667,12.9962,-0.0597,0.8333
58.1833,13.0101,-0.0598,0.8332
58.2000,13.0240,-0.0599,0.8332
58.2167,13.0379,-0.0599,0.8332
58.2333,13.0518,-0.0600,0.8332
58.2500,13.0657,-0.0601,0.8332
58.2667,13.0796,-0.0601,0.8332
58.2833,13.0934,-0.0602,0.8332
58.3000,13.1073,-0.0603,0.8332
58.3167,13.1212,-0.0603,0.8332
58.3333,13.1351,-0.0604,0.8334
58.3500,13.1490,-0.0605,0.8333
58.3667,13.1629,-0.0605,0.8333
58.3833,13.1768,-0.0606,0.8332
58.4000,13.1907,-0.0607,0.8332
58.4167,13.2045,-0.0607,0.8332
58.4333,13.2184,-0.0608,0.8332
58.4500,13.2323,-0.0609,0.8332
58.4667,13.2462,-0.0609,0.8332
58.4833,13.2601,-0.0610,0.8332
58.5000,13.2740,-0.0611,0.8332
58.5167,13.2879,-0.0611,0.8330
58.5333,13.3018,-0.0612,0.8333
58.5500,13.3156,-0.0613,0.8332
58.5667,13.3295,-0.0613,0.8332
58.5833,13.3434,-0.0614,0.8332
58.6000,13.3573,-0.0615,0.8332
58.6167,13.3712,-0.0615,0.8332
58.6333,13.3851,-0.0616,0.8332
58.6500,13.3990,-0.0617,0.8331
58.6667,13.4129,-0.0618,0.8333
58.6833,13.4267,-0.0618,0.8332
58.7000,13.4406,-0.0619,0.8332
58.7167,13.4545,-0.0620,0.8332
58.7333,13.4684,-0.0620,0.8332
58.7500,13.4823,-0.0621,0.8332
58.7667,13.4962,-0.0622,0.8332
58.7833,13.5101,-0.0622,0.8331
58.8000,13.5239,-0.0623,0.8332
58.8167,13.5378,-0.0624,0.8331
58.8333,13.5517,-0.0624,0.8331
58.8500,13.5656,-0.0625,0.8331
58.8667,13.5795,-0.0626,0.8333
58.8833,13.5934,-0.0626,0.8332
58.9000,13.6073,-0.0627,0.8332
58.9167,13.6212,-0.0628,0.8332
58.9333,13.6350,-0.0628,0.8332
58.9500,13.6489,-0.0629,0.8332
58.9667,13.6628,-0.0630,0.8331
58.9833,13.6767,-0.0630,0.8332
59.0000,13.6906,-0.0631,0.8331
59.0167,13.7045,-0.0632,0.8333
59.0333,13.7184,-0.0632,0.8332
59.0500,13.7323,-0.0633,0.8332
59.0667,13.7461,-0.0634,0.8332
59.0833,13.7600,-0.0635,0.8331
59.1000,13.7739,-0.0635,0.8332
59.1167,13.7878,-0.0636,0.8334
59.1333,13.8017,-0.0637,0.8331
59.1500,13.8156,-0.0637,0.8333
59.1667,13.8295,-0.0638,0.8332
59.1833,13.8433,-0.0639,0.8332
59.2000,13.8572,-0.0639,0.8332
59.2167,13.8711,-0.0640,0.8332
59.2333,13.8850,-0.0641,0.8331
59.2500,13.8989,-0.0641,0.8333
59.2667,13.9128,-0.0642,0.8332
59.2833,13.9267,-0.0643,0.8332
59.3000,13.9405,-0.0643,0.8332
59.3167,13.9544,-0.0644,0.8332
59.3333,13.9683,-0.0645,0.8332
59.3500,13.9822,-0.0645,0.8332
59.3667,13.9961,-0.0646,0.8331
59.3833,14.0100,-0.0647,0.8334
59.4000,14.0239,-0.0647,0.8333
59.4167,14.0378,-0.0648,0.8332
59.4333,14.0516,-0.0649,0.8332
59.4500,14.0655,-0.0649,0.8332
59.4667,14.0794,-0.0650,0.8332
59.4833,14.0933,-0.0651,0.8332
59.5000,14.1072,-0.0652,0.8331
59.5167,14.1211,-0.0652,0.8334
59.5333,14.1350,-0.0653,0.8331
59.5500,14.1488,-0.0654,0.8331
59.5667,14.1627,-0.0654,0.8333
59.5833,14.1766,-0.0655,0.8332
59.6000,14.1905,-0.0656,0.8332
59.6167,14.2044,-0.0656,0.8332
59.6333,14.2183,-0.0657,0.8332
59.6500,14.2322,-0.0658,0.8332
59.6667,14.2461,-0.0658,0.8332
59.6833,14.2599,-0.0659,0.8332
59.7000,14.2738,-0.0660,0.8334
59.7167,14.2877,-0.0660,0.8331
59.7333,14.3016,-0.0661,0.8333
59.7500,14.3155,-0.0662,0.8332
59.7667,14.3294,-0.0662,0.8331
59.7833,14.3433,-0.0663,0.8332
59.8000,14.3572,-0.0664,0.8332
59.8167,14.3710,-0.0665,0.8332
59.8333,14.3849,-0.0665,0.8332
59.8500,14.3988,-0.0666,0.8332
59.8667,14.4127,-0.0667,0.8331
59.8833,14.4266,-0.0667,0.8333
59.9000,14.4405,-0.0668,0.8332
59.9167,14.4544,-0.0669,0.8332
59.9333,14.4682,-0.0669,0.8332
59.9500,14.4821,-0.0670,0.8332
59.9667,14.4960,-0.0671,0.8331
59.9833,14.5099,-0.0671,0.8331
60.0000,14.5238,-0.0672,0.8331
60.0167,14.5377,-0.0673,0.8331
60.0333,14.5516,-0.0673,0.8333
60.0500,14.5655,-0.0674,0.8333
60.0667,14.5793,-0.0675,0.8332
60.0833,14.5932,-0.0675,0.8332
60.1000,14.6071,-0.0676,0.8332
60.1167,14.6210,-0.0677,0.8332
60.1333,14.6349,-0.0678,0.8332
60.1500,14.6488,-0.0678,0.8331
60.1667,14.6627,-0.0679,0.8334
60.1833,14.6765,-0.0680,0.8333
60.2000,14.6904,-0.0680,0.8332
60.2167,14.7043,-0.0681,0.8332
60.2333,14.7182,-0.0682,0.8331
60.2500,14.7321,-0.0682,0.8332
60.2667,14.7460,-0.0683,0.8333
60.2833,14.7599,-0.0684,0.8332
60.3000,14.7738,-0.0684,0.8332
60.3167,14.7876,-0.0685,0.8332
60.3333,14.8015,-0.0686,0.8332
60.3500,14.8154,-0.0686,0.8332
60.3667,14.8293,-0.0687,0.8331
60.3833,14.8432,-0.0688,0.8334
60.4000,14.8571,-0.0688,0.8334
60.4167,14.8710,-0.0689,0.8333
60.4333,14.8849,-0.0690,0.8332
60.4500,14.8987,-0.0691,0.8332
60.4667,14.9126,-0.0691,0.8332
60.4833,14.9265,-0.0692,0.8332
60.5000,14.9404,-0.0693,0.8332
60.5167,14.9543,-0.0693,0.8332
60.5333,14.9682,-0.0694,0.8332
60.5500,14.9821,-0.0695,0.8332
60.5667,14.9960,-0.0695,0.8332
60.5833,15.0098,-0.0696,0.8334
60.6000,15.0237,-0.0697,0.8333
60.6167,15.0376,-0.0697,0.8333
60.6333,15.0515,-0.0698,0.8332
60.6500,15.0654,-0.0699,0.8332
60.6667,15.0793,-0.0699,0.8332
60.6833,15.0932,-0.0700,0.8332
60.7000,15.1070,-0.0701,0.8332
60.7167,15.1209,-0.0702,0.8331
60.7333,15.1348,-0.0702,0.8331
60.7500,15.1487,-0.0703,0.8331
60.7667,15.1626,-0.0704,0.8333
60.7833,15.1765,-0.0704,0.8332
60.8000,15.1904,-0.0705,0.8332
60.8167,15.2043,-0.0706,0.8332
60.8333,15.2181,-0.0706,0.8332
60.8500,15.2320,-0.0707,0.8331
60.8667,15.2459,-0.0708,0.8332
60.8833,15.2598,-0.0708,0.8334
60.9000,15.2737,-0.0709,0.8333
60.9167,15.2876,-0.0710,0.8333
60.9333,15.3015,-0.0711,0.8332
60.9500,15.3154,-0.0711,0.8332
60.9667,15.3292,-0.0712,0.8332
60.9833,15.3431,-0.0713,0.8331
61.0000,15.3570,-0.0713,0.8331
61.0167,15.3709,-0.0714,0.8333
61.0333,15.3848,-0.0715,0.8332
61.0500,15.3987,-0.0715,0.8332
61.0667,15.4126,-0.0716,0.8332
61.0833,15.4265,-0.0717,0.8332
61.1000,15.4403,-0.0717,0.8332
61.1167,15.4542,-0.0718,0.8331
61.1333,15.4681,-0.0719,0.8333
61.1500,15.4820,-0.0719,0.8332
61.1667,15.4959,-0.0720,0.8332
61.1833,15.5098,-0.0721,0.8332
61.2000,15.5237,-0.0722,0.8332
61.2167,15.5375,-0.0722,0.8332
61.2333,15.5514,-0.0723,0.8332
61.2500,15.5653,-0.0724,0.8332
61.2667,15.5792,-0.0724,0.8331
61.2833,15.5931,-0.0725,0.8331
61.3000,15.6070,-0.0726,0.8331
61.3167,15.6190,-0.0726,0.7196
61.3333,15.6292,-0.0727,0.6067
61.3500,15.6375,-0.0727,0.4938
61.3667,15.6439,-0.0727,0.3807
61.3833,15.6484,-0.0727,0.2659
61.4000,15.6511,-0.0728,0.1511
61.4167,15.6521,-0.0728,0.0366
61.4333,15.6523,-0.0728,0.0053
61.4500,15.6524,-0.0728,0.0054
61.4667,15.6524,-0.0728,0.0018
61.4833,15.6524,-0.0728,0.0018
61.5000,15.6524,-0.0728,0.0022
61.5167,15.6523,-0.0728,0.0055
61.5333,15.6521,-0.0728,0.0090
61.5500,15.6520,-0.0728,0.0094
61.5667,15.6518,-0.0728,0.0128
61.5833,15.6517,-0.0728,0.0015
61.6000,15.6517,-0.0728,0.0012
61.6167,15.6517,-0.0728,0.0016
61.6333,15.6517,-0.0728,0.0016
61.6500,15.6517,-0.0728,0.0017
61.6667,15.6517,-0.0728,0.0017
61.6833,15.6517,-0.0728,0.0016
61.7000,15.6517,-0.0728,0.0016
61.7167,15.6517,-0.0728,0.0017
61.7333,15.6517,-0.0728,0.0016
61.7500,15.6517,-0.0728,0.0016
61.7667,15.6517,-0.0728,0.0016
61.7833,15.6517,-0.0728,0.0018
61.8000,15.6517,-0.0728,0.0015
61.8167,15.6517,-0.0728,0.0016
61.8333,15.6517,-0.0728,0.0016
61.8500,15.6517,-0.0728,0.0016
61.8667,15.6517,-0.0728,0.0015
61.8833,15.6517,-0.0728,0.0017
61.9000,15.6517,-0.0728,0.0016
61.9167,15.6517,-0.0728,0.0017
61.9333,15.6517,-0.0728,0.0017
61.9500,15.6517,-0.0728,0.0017
61.9667,15.6517,-0.0728,0.0017
61.9833,15.6517,-0.0728,0.0016
62.0000,15.6517,-0.0728,0.0016
62.0167,15.6517,-0.0728,0.0016
62.0333,15.6517,-0.0728,0.0016
62.0500,15.6517,-0.0728,0.0016
62.0667,15.6517,-0.0728,0.0016
62.0833,15.6517,-0.0728,0.0017
62.1000,15.6517,-0.0728,0.0016
62.1167,15.6517,-0.0728,0.0015
62.1333,15.6517,-0.0728,0.0017
62.1500,15.6517,-0.0728,0.0017
62.1667,15.6517,-0.0728,0.0015
62.1833,15.6517,-0.0728,0.0017
62.2000,15.6517,-0.0728,0.0016
62.2167,15.6517,-0.0728,0.0016
62.2333,15.6517,-0.0728,0.0015
62.2500,15.6517,-0.0728,0.0017
62.2667,15.6517,-0.0728,0.0017
62.2833,15.6517,-0.0728,0.0015
62.3000,15.6517,-0.0728,0.0016
62.3167,15.6517,-0.0728,0.0016
62.3333,15.6517,-0.0728,0.0017
62.3500,15.6517,-0.0728,0.0017
62.3667,15.6517,-0.0728,0.0017
62.3833,15.6517,-0.0728,0.0016
62.4000,15.6517,-0.0728,0.0017
62.4167,15.6517,-0.0728,0.0015
62.4333,15.6517,-0.0728,0.0016
62.4500,15.6517,-0.0728,0.0016
62.4667,15.6517,-0.0728,0.0017
62.4833,15.6517,-0.0728,0.0017
62.5000,15.6517,-0.0728,0.0016
62.5167,15.6517,-0.0728,0.0016
62.5333,15.6517,-0.0728,0.0015
62.5500,15.6517,-0.0728,0.0016
62.5667,15.6517,-0.0728,0.0017
62.5833,15.6517,-0.0728,0.0016
62.6000,15.6517,-0.0728,0.0016
62.6167,15.6517,-0.0728,0.0017
62.6333,15.6517,-0.0728,0.0017
62.6500,15.6517,-0.0728,0.0015
62.6667,15.6517,-0.0728,0.0016
62.6833,15.6517,-0.0728,0.0017
62.7000,15.6517,-0.0728,0.0017
62.7167,15.6517,-0.0728,0.0018
62.7333,15.6517,-0.0728,0.0016
62.7500,15.6517,-0.0728,0.0016
62.7667,15.6517,-0.0728,0.0017
62.7833,15.6517,-0.0728,0.0015
62.8000,15.6517,-0.0728,0.0016
62.8167,15.6517,-0.0728,0.0015
62.8333,15.6517,-0.0728,0.0016
62.8500,15.6517,-0.0728,0.0016
62.8667,15.6517,-0.0728,0.0017
62.8833,15.6517,-0.0728,0.0016
62.9000,15.6517,-0.0728,0.0017
62.9167,15.6517,-0.0728,0.0017
62.9333,15.6517,-0.0728,0.0015
62.9500,15.6517,-0.0728,0.0016
62.9667,15.6517,-0.0728,0.0015
62.9833,15.6517,-0.0728,0.0017
63.0000,15.6517,-0.0728,0.0016
63.0167,15.6517,-0.0728,0.0017
63.0333,15.6517,-0.0728,0.0017
63.0500,15.6517,-0.0728,0.0017
63.0667,15.6517,-0.0728,0.0016
63.0833,15.6517,-0.0728,0.0016
63.1000,15.6517,-0.0728,0.0017
63.1167,15.6517,-0.0728,0.0016
63.1333,15.6517,-0.0728,0.0016
63.1500,15.6517,-0.0728,0.0016
63.1667,15.6517,-0.0728,0.0017
63.1833,15.6517,-0.0728,0.0017
63.2000,15.6517,-0.0728,0.0016
63.2167,15.6517,-0.0728,0.0017
63.2333,15.6517,-0.0728,0.0016
63.2500,15.6517,-0.0728,0.0017
63.2667,15.6517,-0.0728,0.0015
63.2833,15.6517,-0.0728,0.0015
63.3000,15.6517,-0.0728,0.0016
63.3167,15.6517,-0.0728,0.0017
63.3333,15.6517,-0.0728,0.0016
63.3500,15.6517,-0.0728,0.0017
63.3667,15.6517,-0.0728,0.0017
63.3833,15.6517,-0.0728,0.0016
63.4000,15.6517,-0.0728,0.0017
63.4167,15.6517,-0.0728,0.0017
63.4333,15.6517,-0.0728,0.0017
63.4500,15.6517,-0.0728,0.0016
63.4667,15.6517,-0.0728,0.0017
63.4833,15.6517,-0.0728,0.0016
63.5000,15.6517,-0.0728,0.0017
63.5167,15.6517,-0.0728,0.0016
63.5333,15.6517,-0.0728,0.0016
63.5500,15.6517,-0.0728,0.0017
63.5667,15.6517,-0.0728,0.0015
63.5833,15.6517,-0.0728,0.0018
63.6000,15.6517,-0.0728,0.0016
63.6167,15.6517,-0.0728,0.0017
63.6333,15.6517,-0.0728,0.0015
63.6500,15.6517,-0.0728,0.0017
63.6667,15.6517,-0.0728,0.0015
63.6833,15.6517,-0.0728,0.0016
63.7000,15.6517,-0.0728,0.0017
63.7167,15.6517,-0.0728,0.0017
63.7333,15.6517,-0.0728,0.0017
63.7500,15.6517,-0.0728,0.0016
63.7667,15.6517,-0.0728,0.0016
63.7833,15.6517,-0.0728,0.0017
63.8000,15.6517,-0.0728,0.0017
63.8167,15.6517,-0.0728,0.0017
63.8333,15.6517,-0.0728,0.0016
63.8500,15.6517,-0.0728,0.0017
63.8667,15.6517,-0.0728,0.0017
63.8833,15.6517,-0.0728,0.0016
63.9000,15.6517,-0.0728,0.0016
63.9167,15.6517,-0.0728,0.0016
63.9333,15.6517,-0.0728,0.0016
63.9500,15.6517,-0.0728,0.0017
63.9667,15.6517,-0.0728,0.0016
63.9833,15.6517,-0.0728,0.0017
64.0000,15.6517,-0.0728,0.0016
64.0167,15.6517,-0.0728,0.0017
64.0333,15.6517,-0.0728,0.0017
64.0500,15.6517,-0.0728,0.0016
64.0667,15.6517,-0.0728,0.0016
64.0833,15.6517,-0.0728,0.0016
64.1000,15.6517,-0.0728,0.0015
64.1167,15.6517,-0.0728,0.0017
64.1333,15.6517,-0.0728,0.0016
64.1500,15.6517,-0.0728,0.0016
64.1667,15.6517,-0.0728,0.0016
64.1833,15.6517,-0.0728,0.0017
64.2000,15.6517,-0.0728,0.0018
64.2167,15.6517,-0.0728,0.0016
64.2333,15.6517,-0.0728,0.0017
64.2500,15.6517,-0.0728,0.0017
64.2667,15.6517,-0.0728,0.0017
64.2833,15.6517,-0.0728,0.0016
64.3000,15.6517,-0.0728,0.0015
64.3167,15.6517,-0.0728,0.0017
64.3333,15.6517,-0.0728,0.0016
64.3500,15.6517,-0.0728,0.0016
64.3667,15.6517,-0.0728,0.0015
64.3833,15.6517,-0.0728,0.0017
64.4000,15.6517,-0.0728,0.0017
64.4167,15.6517,-0.0728,0.0015
64.4333,15.6517,-0.0728,0.0015
64.4500,15.6517,-0.0728,0.0016
64.4667,15.6517,-0.0728,0.0017
64.4833,15.6517,-0.0728,0.0018
64.5000,15.6517,-0.0728,0.0016
64.5167,15.6517,-0.0728,0.0017
64.5333,15.6517,-0.0728,0.0015
64.5500,15.6517,-0.0728,0.0015
64.5667,15.6517,-0.0728,0.0016
64.5833,15.6517,-0.0728,0.0016
64.6000,15.6517,-0.0728,0.0017
64.6167,15.6517,-0.0728,0.0017
64.6333,15.6517,-0.0728,0.0017
64.6500,15.6517,-0.0728,0.0017
64.6667,15.6517,-0.0728,0.0015
64.6833,15.6517,-0.0728,0.0016
64.7000,15.6517,-0.0728,0.0017
64.7167,15.6517,-0.0728,0.0017
64.7333,15.6517,-0.0728,0.0015
64.7500,15.6517,-0.0728,0.0016
64.7667,15.6517,-0.0728,0.0016
64.7833,15.6517,-0.0728,0.0017
64.8000,15.6517,-0.0728,0.0017
64.8167,15.6517,-0.0728,0.0017
64.8333,15.6517,-0.0728,0.0015
64.8500,15.6517,-0.0728,0.0015
64.8667,15.6517,-0.0728,0.0016
64.8833,15.6517,-0.0728,0.0018
64.9000,15.6517,-0.0728,0.0015
64.9167,15.6517,-0.0728,0.0018
64.9333,15.6517,-0.0728,0.0017
64.9500,15.6517,-0.0728,0.0016
64.9667,15.6517,-0.0728,0.0016
64.9833,15.6517,-0.0728,0.0017
65.0000,15.6517,-0.0728,0.0016
65.0167,15.6517,-0.0728,0.0016
65.0333,15.6517,-0.0728,0.0014
65.0500,15.6517,-0.0728,0.0017
65.0667,15.6517,-0.0728,0.0016
65.0833,15.6517,-0.0728,0.0016
65.1000,15.6517,-0.0728,0.0016
65.1167,15.6517,-0.0728,0.0015
65.1333,15.6517,-0.0728,0.0017
65.1500,15.6517,-0.0728,0.0017
65.1667,15.6517,-0.0728,0.0017
65.1833,15.6517,-0.0728,0.0016
65.2000,15.6517,-0.0728,0.0018
65.2167,15.6517,-0.0728,0.0016
65.2333,15.6517,-0.0728,0.0016
65.2500,15.6517,-0.0728,0.0015
65.2667,15.6517,-0.0728,0.0016
65.2833,15.6517,-0.0728,0.0016
65.3000,15.6517,-0.0728,0.0015
65.3167,15.6517,-0.0728,0.0017
65.3333,15.6517,-0.0728,0.0016
65.3500,15.6517,-0.0728,0.0016
65.3667,15.6517,-0.0728,0.0015
65.3833,15.6517,-0.0728,0.0015
65.4000,15.6517,-0.0728,0.0017
65.4167,15.6516,-0.0728,0.0017
65.4333,15.6517,-0.0728,0.0017
65.4500,15.6516,-0.0728,0.0016
65.4667,15.6517,-0.0728,0.0016
65.4833,15.6517,-0.0728,0.0016
65.5000,15.6517,-0.0728,0.0017
65.5167,15.6516,-0.0728,0.0017
65.5333,15.6517,-0.0728,0.0017
65.5500,15.6517,-0.0728,0.0016
65.5667,15.6517,-0.0728,0.0015
65.5833,15.6516,-0.0728,0.0017
65.6000,15.6517,-0.0728,0.0017
65.6167,15.6517,-0.0728,0.0016
65.6333,15.6517,-0.0728,0.0013
65.6500,15.6516,-0.0728,0.0016
65.6667,15.6517,-0.0728,0.0015
65.6833,15.6516,-0.0728,0.0016
65.7000,15.6517,-0.0728,0.0014
65.7167,15.6516,-0.0728,0.0016
65.7333,15.6517,-0.0728,0.0016
65.7500,15.6516,-0.0728,0.0015
65.7667,15.6517,-0.0728,0.0016
65.7833,15.6516,-0.0728,0.0016
65.8000,15.6517,-0.0728,0.0013
65.8167,15.6516,-0.0728,0.0017
65.8333,15.6517,-0.0728,0.0017
65.8500,15.6516,-0.0728,0.0016
65.8667,15.6517,-0.0728,0.0016
65.8833,15.6516,-0.0728,0.0017
65.9000,15.6517,-0.0728,0.0015
65.9167,15.6516,-0.0728,0.0016
65.9333,15.6517,-0.0728,0.0017
65.9500,15.6516,-0.0728,0.0017
65.9667,15.6517,-0.0728,0.0017
65.9833,15.6516,-0.0728,0.0017
66.0000,15.6517,-0.0728,0.0016
66.0167,15.6516,-0.0728,0.0016
66.0333,15.6517,-0.0728,0.0017
66.0500,15.6516,-0.0728,0.0017
66.0667,15.6517,-0.0728,0.0014
66.0833,15.6516,-0.0728,0.0016
66.1000,15.6517,-0.0728,0.0016
66.1167,15.6516,-0.0728,0.0015
66.1333,15.6517,-0.0728,0.0015
66.1500,15.6516,-0.0728,0.0016
66.1667,15.6517,-0.0728,0.0016
66.1833,15.6516,-0.0728,0.0016
66.2000,15.6517,-0.0728,0.0015
66.2167,15.6516,-0.0728,0.0017
66.2333,15.6517,-0.0728,0.0015
66.2500,15.6516,-0.0728,0.0016
66.2667,15.6517,-0.0728,0.0016
66.2833,15.6516,-0.0728,0.0017
66.3000,15.6517,-0.0728,0.0017
66.3167,15.6516,-0.0728,0.0016
66.3333,15.6517,-0.0728,0.0015
66.3500,15.6516,-0.0728,0.0017
66.3667,15.6517,-0.0728,0.0017
66.3833,15.6516,-0.0728,0.0018
66.4000,15.6517,-0.0728,0.0017
66.4167,15.6516,-0.0728,0.0016
66.4333,15.6517,-0.0728,0.0014
66.4500,15.6516,-0.0728,0.0015
66.4667,15.6517,-0.0728,0.0015
66.4833,15.6516,-0.0728,0.0016
66.5000,15.6517,-0.0728,0.0015
66.5167,15.6516,-0.0728,0.0015
66.5333,15.6517,-0.0728,0.0014
66.5500,15.6516,-0.0728,0.0016
66.5667,15.6517,-0.0728,0.0017
66.5833,15.6516,-0.0728,0.0015
66.6000,15.6517,-0.0728,0.0017
66.6167,15.6516,-0.0728,0.0016
66.6333,15.6517,-0.0728,0.0016
66.6500,15.6516,-0.0728,0.0017
66.6667,15.6517,-0.0728,0.0017
66.6833,15.6516,-0.0728,0.0015
66.7000,15.6517,-0.0728,0.0015
66.7167,15.6516,-0.0728,0.0015
66.7333,15.6517,-0.0728,0.0017
66.7500,15.6516,-0.0728,0.0016
66.7667,15.6517,-0.0728,0.0016
66.7833,15.6516,-0.0728,0.0018
66.8000,15.6517,-0.0728,0.0016
66.8167,15.6516,-0.0728,0.0017
66.8333,15.6517,-0.0728,0.0017
66.8500,15.6516,-0.0728,0.0016
66.8667,15.6517,-0.0728,0.0016
66.8833,15.6516,-0.0728,0.0017
66.9000,15.6517,-0.0728,0.0017
66.9167,15.6516,-0.0728,0.0015
66.9333,15.6517,-0.0728,0.0016
66.9500,15.6516,-0.0728,0.0017
66.9667,15.6517,-0.0728,0.0017
66.9833,15.6516,-0.0728,0.0015
67.0000,15.6517,-0.0728,0.0017
67.0167,15.6516,-0.0728,0.0016
67.0333,15.6517,-0.0728,0.0016
67.0500,15.6516,-0.0728,0.0017
67.0667,15.6517,-0.0728,0.0017
67.0833,15.6516,-0.0728,0.0016
67.1000,15.6517,-0.0728,0.0016
67.1167,15.6516,-0.0728,0.0016
67.1333,15.6517,-0.0728,0.0015
67.1500,15.6516,-0.0728,0.0017
67.1667,15.6517,-0.0728,0.0016
67.1833,15.6516,-0.0728,0.0016
67.2000,15.6517,-0.0728,0.0016
67.2167,15.6516,-0.0728,0.0016
67.2333,15.6517,-0.0728,0.0017
67.2500,15.6516,-0.0728,0.0017
67.2667,15.6517,-0.0728,0.0016
67.2833,15.6516,-0.0728,0.0016
67.3000,15.6517,-0.0728,0.0017
67.3167,15.6516,-0.0728,0.0017
67.3333,15.6517,-0.0728,0.0017
67.3500,15.6516,-0.0728,0.0016
67.3667,15.6517,-0.0728,0.0017
67.3833,15.6516,-0.0728,0.0017
67.4000,15.6517,-0.0728,0.0017
67.4167,15.6516,-0.0728,0.0016
67.4333,15.6517,-0.0728,0.0017
67.4500,15.6516,-0.0728,0.0016
67.4667,15.6517,-0.0728,0.0017
67.4833,15.6516,-0.0728,0.0016
67.5000,15.6517,-0.0728,0.0016
67.5167,15.6516,-0.0728,0.0017
67.5333,15.6517,-0.0728,0.0015
67.5500,15.6516,-0.0728,0.0016
67.5667,15.6516,-0.0728,0.0016
67.5833,15.6516,-0.0728,0.0015
67.6000,15.6517,-0.0728,0.0017
67.6167,15.6516,-0.0728,0.0017
67.6333,15.6517,-0.0728,0.0016
67.6500,15.6516,-0.0728,0.0017
67.6667,15.6516,-0.0728,0.0017
67.6833,15.6516,-0.0728,0.0015
67.7000,15.6516,-0.0728,0.0016
67.7167,15.6516,-0.0728,0.0015
67.7333,15.6516,-0.0728,0.0015
67.7500,15.6516,-0.0728,0.0017
67.7667,15.6516,-0.0728,0.0016
67.7833,15.6516,-0.0728,0.0016
67.8000,15.6516,-0.0728,0.0016
67.8167,15.6516,-0.0728,0.0016
67.8333,15.6516,-0.0728,0.0016
67.8500,15.6516,-0.0728,0.0017
67.8667,15.6516,-0.0728,0.0016
67.8833,15.6516,-0.0728,0.0015
67.9000,15.6516,-0.0728,0.0016
67.9167,15.6516,-0.0728,0.0016
67.9333,15.6516,-0.0728,0.0017
67.9500,15.6516,-0.0728,0.0017
67.9667,15.6516,-0.0728,0.0016
67.9833,15.6516,-0.0728,0.0016
68.0000,15.6516,-0.0728,0.0016
68.0167,15.6516,-0.0728,0.0017
68.0333,15.6516,-0.0728,0.0017
68.0500,15.6516,-0.0728,0.0016
68.0667,15.6516,-0.0728,0.0016
68.0833,15.6516,-0.0728,0.0016
68.1000,15.6516,-0.0728,0.0016
68.1167,15.6516,-0.0728,0.0016
68.1333,15.6516,-0.0728,0.0015
68.1500,15.6516,-0.0728,0.0016
68.1667,15.6516,-0.0728,0.0016
68.1833,15.6516,-0.0728,0.0016
68.2000,15.6516,-0.0728,0.0015
68.2167,15.6516,-0.0728,0.0016
68.2333,15.6516,-0.0728,0.0017
68.2500,15.6516,-0.0728,0.0016
68.2667,15.6516,-0.0728,0.0016
68.2833,15.6516,-0.0728,0.0015
68.3000,15.6516,-0.0728,0.0016
68.3167,15.6516,-0.0728,0.0016
68.3333,15.6516,-0.0728,0.0015
68.3500,15.6516,-0.0728,0.0017
68.3667,15.6516,-0.0728,0.0016
68.3833,15.6516,-0.0728,0.0016
68.4000,15.6516,-0.0728,0.0017
68.4167,15.6516,-0.0728,0.0015
68.4333,15.6516,-0.0728,0.0017
68.4500,15.6516,-0.0728,0.0016
68.4667,15.6516,-0.0728,0.0015
68.4833,15.6516,-0.0728,0.0017
68.5000,15.6516,-0.0728,0.0017
68.5167,15.6516,-0.0728,0.0016
68.5333,15.6516,-0.0728,0.0015
68.5500,15.6516,-0.0728,0.0016
68.5667,15.6516,-0.0728,0.0015
68.5833,15.6516,-0.0728,0.0016
68.6000,15.6516,-0.0728,0.0016
68.6167,15.6516,-0.0728,0.0016
68.6333,15.6516,-0.0728,0.0015
68.6500,15.6516,-0.0728,0.0017
68.6667,15.6516,-0.0728,0.0015
68.6833,15.6516,-0.0728,0.0017
68.7000,15.6516,-0.0728,0.0016
68.7167,15.6516,-0.0728,0.0015
68.7333,15.6516,-0.0728,0.0017
68.7500,15.6516,-0.0728,0.0016
68.7667,15.6516,-0.0728,0.0015
68.7833,15.6516,-0.0728,0.0017
68.8000,15.6516,-0.0728,0.0015
68.8167,15.6516,-0.0728,0.0016
68.8333,15.6516,-0.0728,0.0016
68.8500,15.6516,-0.0728,0.0017
68.8667,15.6516,-0.0728,0.0017
68.8833,15.6516,-0.0728,0.0017
68.9000,15.6516,-0.0728,0.0016
68.9167,15.6516,-0.0728,0.0017
68.9333,15.6516,-0.0728,0.0018
68.9500,15.6516,-0.0728,0.0016
68.9667,15.6516,-0.0728,0.0016
68.9833,15.6516,-0.0728,0.0017
69.0000,15.6516,-0.0728,0.0017
69.0167,15.6516,-0.0728,0.0016
69.0333,15.6516,-0.0728,0.0016
69.0500,15.6516,-0.0728,0.0016
69.0667,15.6516,-0.0728,0.0014
69.0833,15.6516,-0.0728,0.0015
69.1000,15.6516,-0.0728,0.0016
69.1167,15.6516,-0.0728,0.0016
69.1333,15.6516,-0.0728,0.0017
69.1500,15.6516,-0.0728,0.0017
69.1667,15.6516,-0.0728,0.0016
69.1833,15.6516,-0.0728,0.0016
69.2000,15.6516,-0.0728,0.0018
69.2167,15.6516,-0.0728,0.0016
69.2333,15.6516,-0.0728,0.0014
69.2500,15.6516,-0.0728,0.0016
69.2667,15.6516,-0.0728,0.0017
69.2833,15.6516,-0.0728,0.0017
69.3000,15.6516,-0.0728,0.0017
69.3167,15.6516,-0.0728,0.0017
69.3333,15.6516,-0.0728,0.0016
69.3500,15.6516,-0.0728,0.0016
69.3667,15.6516,-0.0728,0.0017
69.3833,15.6516,-0.0728,0.0017
69.4000,15.6516,-0.0728,0.0016
69.4167,15.6516,-0.0728,0.0018
69.4333,15.6516,-0.0728,0.0015
69.4500,15.6516,-0.0728,0.0016
69.4667,15.6516,-0.0728,0.0017
69.4833,15.6516,-0.0728,0.0018
69.5000,15.6516,-0.0728,0.0016
69.5167,15.6516,-0.0728,0.0014
69.5333,15.6516,-0.0728,0.0017
69.5500,15.6516,-0.0728,0.0018
69.5667,15.6516,-0.0728,0.0016
69.5833,15.6516,-0.0728,0.0016
69.6000,15.6516,-0.0728,0.0015
69.6167,15.6516,-0.0728,0.0017
69.6333,15.6516,-0.0728,0.0017
69.6500,15.6516,-0.0728,0.0016
69.6667,15.6516,-0.0728,0.0015
69.6833,15.6516,-0.0728,0.0017
69.7000,15.6516,-0.0728,0.0017
69.7167,15.6516,-0.0728,0.0015
69.7333,15.6516,-0.0728,0.0016
69.7500,15.6516,-0.0728,0.0016
69.7667,15.6516,-0.0728,0.0017
69.7833,15.6516,-0.0728,0.0016
69.8000,15.6516,-0.0728,0.0016
69.8167,15.6516,-0.0728,0.0017
69.8333,15.6516,-0.0728,0.0017
69.8500,15.6516,-0.0728,0.0016
69.8667,15.6516,-0.0728,0.0016
69.8833,15.6516,-0.0728,0.0016
69.9000,15.6516,-0.0728,0.0017
69.9167,15.6516,-0.0728,0.0017
69.9333,15.6516,-0.0728,0.0016
69.9500,15.6516,-0.0728,0.0016
69.9667,15.6516,-0.0728,0.0015
69.9833,15.6516,-0.0728,0.0017
70.0000,15.6516,-0.0728,0.0017
70.0167,15.6516,-0.0728,0.0016
70.0333,15.6516,-0.0728,0.0016
70.0500,15.6516,-0.0728,0.0017
70.0667,15.6516,-0.0728,0.0016
70.0833,15.6516,-0.0728,0.0017
70.1000,15.6516,-0.0728,0.0018
70.1167,15.6516,-0.0728,0.0016
70.1333,15.6516,-0.0728,0.0017
70.1500,15.6516,-0.0728,0.0017
70.1667,15.6516,-0.0728,0.0015
70.1833,15.6516,-0.0728,0.0017
70.2000,15.6516,-0.0728,0.0017
70.2167,15.6516,-0.0728,0.0015
70.2333,15.6516,-0.0728,0.0016
70.2500,15.6516,-0.0728,0.0016
70.2667,15.6516,-0.0728,0.0015
70.2833,15.6516,-0.0728,0.0015
70.3000,15.6516,-0.0728,0.0016
70.3167,15.6516,-0.0728,0.0016
70.3333,15.6516,-0.0728,0.0016
70.3500,15.6516,-0.0728,0.0017
70.3667,15.6516,-0.0728,0.0016
70.3833,15.6516,-0.0728,0.0017
70.4000,15.6516,-0.0728,0.0016
70.4167,15.6516,-0.0728,0.0017
70.4333,15.6516,-0.0728,0.0017
70.4500,15.6516,-0.0728,0.0016
70.4667,15.6516,-0.0728,0.0016
70.4833,15.6516,-0.0728,0.0017
70.5000,15.6516,-0.0728,0.0016
70.5167,15.6516,-0.0728,0.0015
70.5333,15.6516,-0.0728,0.0015
70.5500,15.6516,-0.0728,0.0016
70.5667,15.6516,-0.0728,0.0017
70.5833,15.6516,-0.0728,0.0016
70.6000,15.6516,-0.0728,0.0015
70.6167,15.6516,-0.0728,0.0017
70.6333,15.6516,-0.0728,0.0017
70.6500,15.6516,-0.0728,0.0016
70.6667,15.6516,-0.0728,0.0017
70.6833,15.6516,-0.0728,0.0016
70.7000,15.6516,-0.0728,0.0016
70.7167,15.6516,-0.0728,0.0017
70.7333,15.6516,-0.0728,0.0017
70.7500,15.6516,-0.0728,0.0016
70.7667,15.6516,-0.0728,0.0017
70.7833,15.6516,-0.0728,0.0015
70.8000,15.6516,-0.0728,0.0014
70.8167,15.6516,-0.0728,0.0016
70.8333,15.6516,-0.0728,0.0015
70.8500,15.6516,-0.0728,0.0015
70.8667,15.6516,-0.0728,0.0017
70.8833,15.6516,-0.0728,0.0016
70.9000,15.6516,-0.0728,0.0016
70.9167,15.6516,-0.0728,0.0015
70.9333,15.6516,-0.0728,0.0015
70.9500,15.6516,-0.0728,0.0015
70.9667,15.6516,-0.0728,0.0014
70.9833,15.6516,-0.0728,0.0017
71.0000,15.6516,-0.0728,0.0017
71.0167,15.6516,-0.0728,0.0017
71.0333,15.6516,-0.0728,0.0014
71.0500,15.6516,-0.0728,0.0016
71.0667,15.6516,-0.0728,0.0016
71.0833,15.6516,-0.0728,0.0017
71.1000,15.6516,-0.0728,0.0017
71.1167,15.6516,-0.0728,0.0016
71.1333,15.6516,-0.0728,0.0016
71.1500,15.6516,-0.0728,0.0017
71.1667,15.6516,-0.0728,0.0018
71.1833,15.6516,-0.0728,0.0017
71.2000,15.6516,-0.0728,0.0016
71.2167,15.6516,-0.0728,0.0015
71.2333,15.6516,-0.0728,0.0013
71.2500,15.6516,-0.0728,0.0016
71.2667,15.6516,-0.0728,0.0017
71.2833,15.6516,-0.0728,0.0018
71.3000,15.6516,-0.0728,0.0017
71.3167,15.6516,-0.0728,0.0017
71.3333,15.6516,-0.0728,0.0017
71.3500,15.6516,-0.0728,0.0016
71.3667,15.6516,-0.0728,0.0017
71.3833,15.6516,-0.0728,0.0016
71.4000,15.6516,-0.0728,0.0017
71.4167,15.6516,-0.0728,0.0017
71.4333,15.6516,-0.0728,0.0016
71.4500,15.6516,-0.0728,0.0016
71.4667,15.6516,-0.0728,0.0017
71.4833,15.6516,-0.0728,0.0017
71.5000,15.6516,-0.0728,0.0016
71.5167,15.6516,-0.0728,0.0016
71.5333,15.6516,-0.0728,0.0015
71.5500,15.6516,-0.0728,0.0017
71.5667,15.6516,-0.0728,0.0016
71.5833,15.6516,-0.0728,0.0017
71.6000,15.6516,-0.0728,0.0016
71.6167,15.6516,-0.0728,0.0017
71.6333,15.6516,-0.0728,0.0016
71.6500,15.6516,-0.0728,0.0017
71.6667,15.6516,-0.0728,0.0016
71.6833,15.6516,-0.0728,0.0017
71.7000,15.6516,-0.0728,0.0017
71.7167,15.6516,-0.0728,0.0016
71.7333,15.6516,-0.0728,0.0015
71.7500,15.6516,-0.0728,0.0017
71.7667,15.6516,-0.0728,0.0017
71.7833,15.6516,-0.0728,0.0015
71.8000,15.6516,-0.0728,0.0015
71.8167,15.6516,-0.0728,0.0016
71.8333,15.6516,-0.0728,0.0018
71.8500,15.6516,-0.0728,0.0016
71.8667,15.6516,-0.0728,0.0017
71.8833,15.6516,-0.0728,0.0016
71.9000,15.6516,-0.0728,0.0016
71.9167,15.6516,-0.0728,0.0017
71.9333,15.6516,-0.0728,0.0015
71.9500,15.6516,-0.0728,0.0016
71.9667,15.6516,-0.0728,0.0016
71.9833,15.6516,-0.0728,0.0017
72.0000,15.6516,-0.0728,0.0015
72.0167,15.6516,-0.0728,0.0017
72.0333,15.6516,-0.0728,0.0016
72.0500,15.6516,-0.0728,0.0016
72.0667,15.6516,-0.0728,0.0017
72.0833,15.6516,-0.0728,0.0017
72.1000,15.6516,-0.0728,0.0017
72.1167,15.6516,-0.0728,0.0016
72.1333,15.6516,-0.0728,0.0016
72.1500,15.6516,-0.0728,0.0017
72.1667,15.6516,-0.0728,0.0015
72.1833,15.6516,-0.0728,0.0015
72.2000,15.6516,-0.0728,0.0016
72.2167,15.6516,-0.0728,0.0017
72.2333,15.6516,-0.0728,0.0017
72.2500,15.6516,-0.0728,0.0017
72.2667,15.6516,-0.0728,0.0016
72.2833,15.6516,-0.0728,0.0016
72.3000,15.6516,-0.0728,0.0017
72.3167,15.6516,-0.0728,0.0017
72.3333,15.6516,-0.0728,0.0017
72.3500,15.6516,-0.0728,0.0015
72.3667,15.6516,-0.0728,0.0016
72.3833,15.6516,-0.0728,0.0017
72.4000,15.6516,-0.0728,0.0015
72.4167,15.6516,-0.0728,0.0016
72.4333,15.6516,-0.0728,0.0017
72.4500,15.6516,-0.0728,0.0017
72.4667,15.6516,-0.0728,0.0017
72.4833,15.6516,-0.0728,0.0017
72.5000,15.6516,-0.0728,0.0015
72.5167,15.6516,-0.0728,0.0016
72.5333,15.6516,-0.0728,0.0017
72.5500,15.6516,-0.0728,0.0016
72.5667,15.6516,-0.0728,0.0016
72.5833,15.6516,-0.0728,0.0016
72.6000,15.6516,-0.0728,0.0016
72.6167,15.6516,-0.0728,0.0017
72.6333,15.6516,-0.0728,0.0017
72.6500,15.6516,-0.0728,0.0016
72.6667,15.6516,-0.0728,0.0016
72.6833,15.6516,-0.0728,0.0017
72.7000,15.6516,-0.0728,0.0016
72.7167,15.6516,-0.0728,0.0016
72.7333,15.6516,-0.0728,0.0016
72.7500,15.6516,-0.0728,0.0016
72.7667,15.6516,-0.0728,0.0015
72.7833,15.6516,-0.0728,0.0017
72.8000,15.6516,-0.0728,0.0017
72.8167,15.6516,-0.0728,0.0016
